tape,episode,player,team,lb_team,lb_rank,opponent,opp_lb_rank,reward,opp_reward,won,episode_date,source
tapes/114033169_0,114033169,0,Vadim Vasilenko,Vadim Vasilenko,3,DSM,1,99024.0,102493.0,0,2026-09-27 06:17:18.439000,mined_0927
tapes/114033169_1,114033169,1,DSM,DSM,1,Vadim Vasilenko,3,102493.0,99024.0,1,2026-09-27 06:17:18.439000,mined_0927
tapes/114025871_0,114025871,0,Boey,Boey,2,Vadim Vasilenko,3,85578.0,84395.0,1,2026-09-27 05:57:22.549000,mined_0927
tapes/114025871_1,114025871,1,Vadim Vasilenko,Vadim Vasilenko,3,Boey,2,84395.0,85578.0,0,2026-09-27 05:57:22.549000,mined_0927
tapes/114024569_0,114024569,0,Vadim Vasilenko,Vadim Vasilenko,3,Boey,2,116817.0,120158.0,0,2026-09-27 05:53:17.144000,mined_0927
tapes/114024569_1,114024569,1,Boey,Boey,2,Vadim Vasilenko,3,120158.0,116817.0,1,2026-09-27 05:53:17.144000,mined_0927
tapes/114031332_0,114031332,0,M & M & P & Q,M & M & P & Q,4,Azat Akhtyamov,10,85923.0,82305.0,1,2026-09-27 06:13:16.139000,mined_0927
tapes/114031332_1,114031332,1,Azat Akhtyamov,Azat Akhtyamov,10,M & M & P & Q,4,82305.0,85923.0,0,2026-09-27 06:13:16.139000,mined_0927
tapes/114027228_0,114027228,0,Majkel1337,Majkel1337,5,KawattaTaido,8,109441.0,110494.0,0,2026-09-27 06:01:22.771000,mined_0927
tapes/114027228_1,114027228,1,KawattaTaido,KawattaTaido,8,Majkel1337,5,110494.0,109441.0,1,2026-09-27 06:01:22.771000,mined_0927
tapes/114031216_0,114031216,0,DECEM,DECEM,6,Just A game on your lips,12,82542.0,72065.0,1,2026-09-27 06:13:15.934000,mined_0927
tapes/114031216_1,114031216,1,Just A game on your lips,Just A game on your lips,12,DECEM,6,72065.0,82542.0,0,2026-09-27 06:13:15.934000,mined_0927
tapes/114033071_0,114033071,0,Azat Akhtyamov,Azat Akhtyamov,10,Unknown Mother-Goose,7,93493.0,92954.0,1,2026-09-27 06:17:18.314000,mined_0927
tapes/114033071_1,114033071,1,Unknown Mother-Goose,Unknown Mother-Goose,7,Azat Akhtyamov,10,92954.0,93493.0,0,2026-09-27 06:17:18.314000,mined_0927
tapes/114027070_0,114027070,0,KawattaTaido,KawattaTaido,8,M & M & P & Q,4,134108.0,133702.0,1,2026-09-27 06:01:23.150000,mined_0927
tapes/114027070_1,114027070,1,M & M & P & Q,M & M & P & Q,4,KawattaTaido,8,133702.0,134108.0,0,2026-09-27 06:01:23.150000,mined_0927
tapes/114030158_0,114030158,0,Fourth Quadrant,Fourth Quadrant,9,mtmr_s1,15,64434.0,63146.0,1,2026-09-27 06:09:18.327000,mined_0927
tapes/114030158_1,114030158,1,mtmr_s1,mtmr_s1,15,Fourth Quadrant,9,63146.0,64434.0,0,2026-09-27 06:09:18.327000,mined_0927
tapes/114028326_0,114028326,0,Azat Akhtyamov,Azat Akhtyamov,10,M & M & P & Q,4,123369.0,131819.0,0,2026-09-27 06:05:29.915000,mined_0927
tapes/114028326_1,114028326,1,M & M & P & Q,M & M & P & Q,4,Azat Akhtyamov,10,131819.0,123369.0,1,2026-09-27 06:05:29.915000,mined_0927
tapes/114025945_0,114025945,0,Azat Akhtyamov,Azat Akhtyamov,10,Anton Tikhonov,11,139252.0,131902.0,1,2026-09-27 05:57:22.658000,mined_0927
tapes/114025945_1,114025945,1,Anton Tikhonov,Anton Tikhonov,11,Azat Akhtyamov,10,131902.0,139252.0,0,2026-09-27 05:57:22.658000,mined_0927
tapes/114026832_0,114026832,0,TheEggman,TheEggman,14,Just A game on your lips,12,86724.0,88701.0,0,2026-09-27 06:01:22.639000,mined_0927
tapes/114026832_1,114026832,1,Just A game on your lips,Just A game on your lips,12,TheEggman,14,88701.0,86724.0,1,2026-09-27 06:01:22.639000,mined_0927
tapes/114026956_0,114026956,0,Azat Akhtyamov,Azat Akhtyamov,10,Yizhou,13,102368.0,108563.0,0,2026-09-27 06:01:22.890000,mined_0927
tapes/114026956_1,114026956,1,Yizhou,Yizhou,13,Azat Akhtyamov,10,108563.0,102368.0,1,2026-09-27 06:01:22.890000,mined_0927
tapes/114025946_0,114025946,0,TheEggman,TheEggman,14,Azat Akhtyamov,10,125482.0,139221.0,0,2026-09-27 05:57:22.659000,mined_0927
tapes/114025946_1,114025946,1,Azat Akhtyamov,Azat Akhtyamov,10,TheEggman,14,139221.0,125482.0,1,2026-09-27 05:57:22.659000,mined_0927
tapes/114024350_0,114024350,0,mtmr_s1,mtmr_s1,15,Just A game on your lips,12,126342.0,124159.0,1,2026-09-27 05:53:16.602000,mined_0927
tapes/114024350_1,114024350,1,Just A game on your lips,Just A game on your lips,12,mtmr_s1,15,124159.0,126342.0,0,2026-09-27 05:53:16.602000,mined_0927
tapes/114024564_0,114024564,0,M & M & P & Q,M & M & P & Q,4,DSM,1,113992.0,124795.0,0,2026-09-27 05:53:17.106000,mined_0927
tapes/114024564_1,114024564,1,DSM,DSM,1,M & M & P & Q,4,124795.0,113992.0,1,2026-09-27 05:53:17.106000,mined_0927
tapes/114016444_0,114016444,0,DECEM,DECEM,6,Boey,2,115946.0,119254.0,0,2026-09-27 05:29:18.217000,mined_0927
tapes/114016444_1,114016444,1,Boey,Boey,2,DECEM,6,119254.0,115946.0,1,2026-09-27 05:29:18.217000,mined_0927
tapes/114024130_0,114024130,0,M & M & P & Q,M & M & P & Q,4,Vadim Vasilenko,3,91718.0,90356.0,1,2026-09-27 05:53:16.148000,mined_0927
tapes/114024130_1,114024130,1,Vadim Vasilenko,Vadim Vasilenko,3,M & M & P & Q,4,90356.0,91718.0,0,2026-09-27 05:53:16.148000,mined_0927
tapes/114029949_0,114029949,0,M & M & P & Q,M & M & P & Q,4,DECEM,6,108090.0,107814.0,1,2026-09-27 06:09:18.036000,mined_0927
tapes/114029949_1,114029949,1,DECEM,DECEM,6,M & M & P & Q,4,107814.0,108090.0,0,2026-09-27 06:09:18.036000,mined_0927
tapes/114025938_0,114025938,0,Majkel1337,Majkel1337,5,M & M & P & Q,4,89341.0,91694.0,0,2026-09-27 05:57:22.651000,mined_0927
tapes/114025938_1,114025938,1,M & M & P & Q,M & M & P & Q,4,Majkel1337,5,91694.0,89341.0,1,2026-09-27 05:57:22.651000,mined_0927
tapes/114025413_0,114025413,0,DECEM,DECEM,6,TheEggman,14,106978.0,95800.0,1,2026-09-27 05:57:21.853000,mined_0927
tapes/114025413_1,114025413,1,TheEggman,TheEggman,14,DECEM,6,95800.0,106978.0,0,2026-09-27 05:57:21.853000,mined_0927
tapes/114025890_0,114025890,0,Unknown Mother-Goose,Unknown Mother-Goose,7,M & M & P & Q,4,107521.0,113364.0,0,2026-09-27 05:57:22.590000,mined_0927
tapes/114025890_1,114025890,1,M & M & P & Q,M & M & P & Q,4,Unknown Mother-Goose,7,113364.0,107521.0,1,2026-09-27 05:57:22.590000,mined_0927
tapes/114022802_0,114022802,0,KawattaTaido,KawattaTaido,8,Just A game on your lips,12,128827.0,130363.0,0,2026-09-27 05:49:17.427000,mined_0927
tapes/114022802_1,114022802,1,Just A game on your lips,Just A game on your lips,12,KawattaTaido,8,130363.0,128827.0,1,2026-09-27 05:49:17.427000,mined_0927
tapes/114021416_0,114021416,0,DECEM,DECEM,6,Fourth Quadrant,9,84667.0,86200.0,0,2026-09-27 05:45:22.155000,mined_0927
tapes/114021416_1,114021416,1,Fourth Quadrant,Fourth Quadrant,9,DECEM,6,86200.0,84667.0,1,2026-09-27 05:45:22.155000,mined_0927
tapes/114021736_0,114021736,0,Azat Akhtyamov,Azat Akhtyamov,10,TheEggman,14,101179.0,101721.0,0,2026-09-27 05:45:22.686000,mined_0927
tapes/114021736_1,114021736,1,TheEggman,TheEggman,14,Azat Akhtyamov,10,101721.0,101179.0,1,2026-09-27 05:45:22.686000,mined_0927
tapes/114024195_0,114024195,0,Just A game on your lips,Just A game on your lips,12,Anton Tikhonov,11,92113.0,93512.0,0,2026-09-27 05:53:16.284000,mined_0927
tapes/114024195_1,114024195,1,Anton Tikhonov,Anton Tikhonov,11,Just A game on your lips,12,93512.0,92113.0,1,2026-09-27 05:53:16.284000,mined_0927
tapes/114025815_0,114025815,0,Just A game on your lips,Just A game on your lips,12,TheEggman,14,84778.0,86438.0,0,2026-09-27 05:57:22.463000,mined_0927
tapes/114025815_1,114025815,1,TheEggman,TheEggman,14,Just A game on your lips,12,86438.0,84778.0,1,2026-09-27 05:57:22.463000,mined_0927
tapes/114022714_0,114022714,0,DECEM,DECEM,6,Yizhou,13,121806.0,107274.0,1,2026-09-27 05:49:17.199000,mined_0927
tapes/114022714_1,114022714,1,Yizhou,Yizhou,13,DECEM,6,107274.0,121806.0,0,2026-09-27 05:49:17.199000,mined_0927
tapes/114011059_0,114011059,0,DECEM,DECEM,6,TheEggman,14,111948.0,102146.0,1,2026-09-27 05:13:18.143000,mined_0927
tapes/114011059_1,114011059,1,TheEggman,TheEggman,14,DECEM,6,102146.0,111948.0,0,2026-09-27 05:13:18.143000,mined_0927
tapes/114017826_0,114017826,0,mtmr_s1,mtmr_s1,15,Anton Tikhonov,11,88787.0,88533.0,1,2026-09-27 05:33:19.337000,mined_0927
tapes/114017826_1,114017826,1,Anton Tikhonov,Anton Tikhonov,11,mtmr_s1,15,88533.0,88787.0,0,2026-09-27 05:33:19.337000,mined_0927
tapes/114024319_0,114024319,0,DSM,DSM,1,M & M & P & Q,4,128715.0,128061.0,1,2026-09-27 05:53:16.554000,mined_0927
tapes/114024319_1,114024319,1,M & M & P & Q,M & M & P & Q,4,DSM,1,128061.0,128715.0,0,2026-09-27 05:53:16.554000,mined_0927
tapes/114008623_0,114008623,0,DSM,DSM,1,Boey,2,106844.0,103586.0,1,2026-09-27 05:05:22.833000,mined_0927
tapes/114008623_1,114008623,1,Boey,Boey,2,DSM,1,103586.0,106844.0,0,2026-09-27 05:05:22.833000,mined_0927
tapes/114017765_0,114017765,0,Vadim Vasilenko,Vadim Vasilenko,3,M & M & P & Q,4,109979.0,110323.0,0,2026-09-27 05:33:19.290000,mined_0927
tapes/114017765_1,114017765,1,M & M & P & Q,M & M & P & Q,4,Vadim Vasilenko,3,110323.0,109979.0,1,2026-09-27 05:33:19.290000,mined_0927
tapes/114025527_0,114025527,0,Just A game on your lips,Just A game on your lips,12,M & M & P & Q,4,85412.0,90725.0,0,2026-09-27 05:57:22.010000,mined_0927
tapes/114025527_1,114025527,1,M & M & P & Q,M & M & P & Q,4,Just A game on your lips,12,90725.0,85412.0,1,2026-09-27 05:57:22.010000,mined_0927
tapes/114018652_0,114018652,0,Majkel1337,Majkel1337,5,M & M & P & Q,4,85365.0,86341.0,0,2026-09-27 05:37:20.032000,mined_0927
tapes/114018652_1,114018652,1,M & M & P & Q,M & M & P & Q,4,Majkel1337,5,86341.0,85365.0,1,2026-09-27 05:37:20.032000,mined_0927
tapes/114024369_0,114024369,0,DECEM,DECEM,6,Unknown Mother-Goose,7,91697.0,93595.0,0,2026-09-27 05:53:16.700000,mined_0927
tapes/114024369_1,114024369,1,Unknown Mother-Goose,Unknown Mother-Goose,7,DECEM,6,93595.0,91697.0,1,2026-09-27 05:53:16.700000,mined_0927
tapes/114021619_0,114021619,0,Yizhou,Yizhou,13,Unknown Mother-Goose,7,106233.0,112902.0,0,2026-09-27 05:45:22.501000,mined_0927
tapes/114021619_1,114021619,1,Unknown Mother-Goose,Unknown Mother-Goose,7,Yizhou,13,112902.0,106233.0,1,2026-09-27 05:45:22.501000,mined_0927
tapes/114017772_0,114017772,0,KawattaTaido,KawattaTaido,8,Unknown Mother-Goose,7,139003.0,145386.0,0,2026-09-27 05:33:19.299000,mined_0927
tapes/114017772_1,114017772,1,Unknown Mother-Goose,Unknown Mother-Goose,7,KawattaTaido,8,145386.0,139003.0,1,2026-09-27 05:33:19.299000,mined_0927
tapes/113993858_0,113993858,0,Unknown Mother-Goose,Unknown Mother-Goose,7,Fourth Quadrant,9,78688.0,75195.0,1,2026-09-27 04:21:16.306000,mined_0927
tapes/113993858_1,113993858,1,Fourth Quadrant,Fourth Quadrant,9,Unknown Mother-Goose,7,75195.0,78688.0,0,2026-09-27 04:21:16.306000,mined_0927
tapes/114018546_0,114018546,0,Azat Akhtyamov,Azat Akhtyamov,10,DECEM,6,78596.0,86185.0,0,2026-09-27 05:37:19.842000,mined_0927
tapes/114018546_1,114018546,1,DECEM,DECEM,6,Azat Akhtyamov,10,86185.0,78596.0,1,2026-09-27 05:37:19.842000,mined_0927
tapes/114020099_0,114020099,0,Anton Tikhonov,Anton Tikhonov,11,M & M & P & Q,4,84055.0,95937.0,0,2026-09-27 05:41:16.232000,mined_0927
tapes/114020099_1,114020099,1,M & M & P & Q,M & M & P & Q,4,Anton Tikhonov,11,95937.0,84055.0,1,2026-09-27 05:41:16.232000,mined_0927
tapes/114017715_0,114017715,0,Just A game on your lips,Just A game on your lips,12,Unknown Mother-Goose,7,103887.0,109444.0,0,2026-09-27 05:33:19.210000,mined_0927
tapes/114017715_1,114017715,1,Unknown Mother-Goose,Unknown Mother-Goose,7,Just A game on your lips,12,109444.0,103887.0,1,2026-09-27 05:33:19.210000,mined_0927
tapes/114022531_0,114022531,0,M & M & P & Q,M & M & P & Q,4,Yizhou,13,102736.0,97062.0,1,2026-09-27 05:49:16.818000,mined_0927
tapes/114022531_1,114022531,1,Yizhou,Yizhou,13,M & M & P & Q,4,97062.0,102736.0,0,2026-09-27 05:49:16.818000,mined_0927
tapes/114010672_0,114010672,0,TheEggman,TheEggman,14,Unknown Mother-Goose,7,90554.0,97331.0,0,2026-09-27 05:13:17.425000,mined_0927
tapes/114010672_1,114010672,1,Unknown Mother-Goose,Unknown Mother-Goose,7,TheEggman,14,97331.0,90554.0,1,2026-09-27 05:13:17.425000,mined_0927
tapes/114016271_0,114016271,0,mtmr_s1,mtmr_s1,15,Just A game on your lips,12,71746.0,71333.0,1,2026-09-27 05:29:17.993000,mined_0927
tapes/114016271_1,114016271,1,Just A game on your lips,Just A game on your lips,12,mtmr_s1,15,71333.0,71746.0,0,2026-09-27 05:29:17.993000,mined_0927
tapes/114016403_0,114016403,0,DECEM,DECEM,6,DSM,1,98881.0,103687.0,0,2026-09-27 05:29:18.154000,mined_0927
tapes/114016403_1,114016403,1,DSM,DSM,1,DECEM,6,103687.0,98881.0,1,2026-09-27 05:29:18.154000,mined_0927
tapes/114008619_0,114008619,0,DSM,DSM,1,Boey,2,137845.0,111464.0,1,2026-09-27 05:05:22.829000,mined_0927
tapes/114008619_1,114008619,1,Boey,Boey,2,DSM,1,111464.0,137845.0,0,2026-09-27 05:05:22.829000,mined_0927
tapes/114017662_0,114017662,0,Vadim Vasilenko,Vadim Vasilenko,3,M & M & P & Q,4,118186.0,115531.0,1,2026-09-27 05:33:19.108000,mined_0927
tapes/114017662_1,114017662,1,M & M & P & Q,M & M & P & Q,4,Vadim Vasilenko,3,115531.0,118186.0,0,2026-09-27 05:33:19.108000,mined_0927
tapes/114021391_0,114021391,0,Yizhou,Yizhou,13,M & M & P & Q,4,91762.0,102656.0,0,2026-09-27 05:45:22.125000,mined_0927
tapes/114021391_1,114021391,1,M & M & P & Q,M & M & P & Q,4,Yizhou,13,102656.0,91762.0,1,2026-09-27 05:45:22.125000,mined_0927
tapes/114017822_0,114017822,0,Majkel1337,Majkel1337,5,Yizhou,13,95395.0,86893.0,1,2026-09-27 05:33:19.336000,mined_0927
tapes/114017822_1,114017822,1,Yizhou,Yizhou,13,Majkel1337,5,86893.0,95395.0,0,2026-09-27 05:33:19.336000,mined_0927
tapes/114013220_0,114013220,0,mtmr_s1,mtmr_s1,15,DECEM,6,79276.0,94525.0,0,2026-09-27 05:21:16.122000,mined_0927
tapes/114013220_1,114013220,1,DECEM,DECEM,6,mtmr_s1,15,94525.0,79276.0,1,2026-09-27 05:21:16.122000,mined_0927
tapes/114017514_0,114017514,0,Unknown Mother-Goose,Unknown Mother-Goose,7,Just A game on your lips,12,133820.0,132168.0,1,2026-09-27 05:33:18.605000,mined_0927
tapes/114017514_1,114017514,1,Just A game on your lips,Just A game on your lips,12,Unknown Mother-Goose,7,132168.0,133820.0,0,2026-09-27 05:33:18.605000,mined_0927
tapes/114017427_0,114017427,0,M & M & P & Q,M & M & P & Q,4,KawattaTaido,8,90403.0,85432.0,1,2026-09-27 05:33:18.218000,mined_0927
tapes/114017427_1,114017427,1,KawattaTaido,KawattaTaido,8,M & M & P & Q,4,85432.0,90403.0,0,2026-09-27 05:33:18.218000,mined_0927
tapes/113977845_0,113977845,0,Fourth Quadrant,Fourth Quadrant,9,Azat Akhtyamov,10,85529.0,85505.0,1,2026-09-27 03:33:17.229000,mined_0927
tapes/113977845_1,113977845,1,Azat Akhtyamov,Azat Akhtyamov,10,Fourth Quadrant,9,85505.0,85529.0,0,2026-09-27 03:33:17.229000,mined_0927
tapes/114017323_0,114017323,0,Unknown Mother-Goose,Unknown Mother-Goose,7,Azat Akhtyamov,10,117373.0,112689.0,1,2026-09-27 05:33:18.002000,mined_0927
tapes/114017323_1,114017323,1,Azat Akhtyamov,Azat Akhtyamov,10,Unknown Mother-Goose,7,112689.0,117373.0,0,2026-09-27 05:33:18.002000,mined_0927
tapes/114010749_0,114010749,0,Just A game on your lips,Just A game on your lips,12,Anton Tikhonov,11,123899.0,126614.0,0,2026-09-27 05:13:17.571000,mined_0927
tapes/114010749_1,114010749,1,Anton Tikhonov,Anton Tikhonov,11,Just A game on your lips,12,126614.0,123899.0,1,2026-09-27 05:13:17.571000,mined_0927
tapes/114016302_0,114016302,0,Just A game on your lips,Just A game on your lips,12,Unknown Mother-Goose,7,26440.0,186109.0,0,2026-09-27 05:29:18.010000,mined_0927
tapes/114016302_1,114016302,1,Unknown Mother-Goose,Unknown Mother-Goose,7,Just A game on your lips,12,186109.0,26440.0,1,2026-09-27 05:29:18.010000,mined_0927
tapes/114013601_0,114013601,0,M & M & P & Q,M & M & P & Q,4,Yizhou,13,118732.0,112456.0,1,2026-09-27 05:21:16.895000,mined_0927
tapes/114013601_1,114013601,1,Yizhou,Yizhou,13,M & M & P & Q,4,112456.0,118732.0,0,2026-09-27 05:21:16.895000,mined_0927
tapes/114009429_0,114009429,0,Unknown Mother-Goose,Unknown Mother-Goose,7,TheEggman,14,116206.0,108637.0,1,2026-09-27 05:09:17.739000,mined_0927
tapes/114009429_1,114009429,1,TheEggman,TheEggman,14,Unknown Mother-Goose,7,108637.0,116206.0,0,2026-09-27 05:09:17.739000,mined_0927
tapes/114012073_0,114012073,0,Unknown Mother-Goose,Unknown Mother-Goose,7,mtmr_s1,15,103780.0,93289.0,1,2026-09-27 05:17:16.746000,mined_0927
tapes/114012073_1,114012073,1,mtmr_s1,mtmr_s1,15,Unknown Mother-Goose,7,93289.0,103780.0,0,2026-09-27 05:17:16.746000,mined_0927
tapes/114016188_0,114016188,0,DSM,DSM,1,Vadim Vasilenko,3,97855.0,96716.0,1,2026-09-27 05:29:17.869000,mined_0927
tapes/114016188_1,114016188,1,Vadim Vasilenko,Vadim Vasilenko,3,DSM,1,96716.0,97855.0,0,2026-09-27 05:29:17.869000,mined_0927
tapes/114001736_0,114001736,0,Boey,Boey,2,DSM,1,101334.0,103317.0,0,2026-09-27 04:45:23.326000,mined_0927
tapes/114001736_1,114001736,1,DSM,DSM,1,Boey,2,103317.0,101334.0,1,2026-09-27 04:45:23.326000,mined_0927
tapes/114016153_0,114016153,0,M & M & P & Q,M & M & P & Q,4,Vadim Vasilenko,3,121808.0,119183.0,1,2026-09-27 05:29:17.709000,mined_0927
tapes/114016153_1,114016153,1,Vadim Vasilenko,Vadim Vasilenko,3,M & M & P & Q,4,119183.0,121808.0,0,2026-09-27 05:29:17.709000,mined_0927
tapes/114014667_0,114014667,0,Azat Akhtyamov,Azat Akhtyamov,10,M & M & P & Q,4,116406.0,119795.0,0,2026-09-27 05:25:23.008000,mined_0927
tapes/114014667_1,114014667,1,M & M & P & Q,M & M & P & Q,4,Azat Akhtyamov,10,119795.0,116406.0,1,2026-09-27 05:25:23.008000,mined_0927
tapes/114009727_0,114009727,0,Majkel1337,Majkel1337,5,Anton Tikhonov,11,75224.0,74082.0,1,2026-09-27 05:09:18.748000,mined_0927
tapes/114009727_1,114009727,1,Anton Tikhonov,Anton Tikhonov,11,Majkel1337,5,74082.0,75224.0,0,2026-09-27 05:09:18.748000,mined_0927
tapes/114012059_0,114012059,0,Just A game on your lips,Just A game on your lips,12,DECEM,6,95402.0,100327.0,0,2026-09-27 05:17:16.723000,mined_0927
tapes/114012059_1,114012059,1,DECEM,DECEM,6,Just A game on your lips,12,100327.0,95402.0,1,2026-09-27 05:17:16.723000,mined_0927
tapes/114014746_0,114014746,0,Unknown Mother-Goose,Unknown Mother-Goose,7,Azat Akhtyamov,10,99656.0,92616.0,1,2026-09-27 05:25:23.195000,mined_0927
tapes/114014746_1,114014746,1,Azat Akhtyamov,Azat Akhtyamov,10,Unknown Mother-Goose,7,92616.0,99656.0,0,2026-09-27 05:25:23.195000,mined_0927
tapes/114010657_0,114010657,0,KawattaTaido,KawattaTaido,8,M & M & P & Q,4,95423.0,100129.0,0,2026-09-27 05:13:17.400000,mined_0927
tapes/114010657_1,114010657,1,M & M & P & Q,M & M & P & Q,4,KawattaTaido,8,100129.0,95423.0,1,2026-09-27 05:13:17.400000,mined_0927
tapes/113976528_0,113976528,0,Fourth Quadrant,Fourth Quadrant,9,Yizhou,13,113873.0,103256.0,1,2026-09-27 03:29:19.985000,mined_0927
tapes/113976528_1,113976528,1,Yizhou,Yizhou,13,Fourth Quadrant,9,103256.0,113873.0,0,2026-09-27 03:29:19.985000,mined_0927
tapes/114008622_0,114008622,0,mtmr_s1,mtmr_s1,15,Azat Akhtyamov,10,108095.0,112342.0,0,2026-09-27 05:05:22.830000,mined_0927
tapes/114008622_1,114008622,1,Azat Akhtyamov,Azat Akhtyamov,10,mtmr_s1,15,112342.0,108095.0,1,2026-09-27 05:05:22.830000,mined_0927
tapes/114007994_0,114007994,0,M & M & P & Q,M & M & P & Q,4,Anton Tikhonov,11,105488.0,97212.0,1,2026-09-27 05:05:21.410000,mined_0927
tapes/114007994_1,114007994,1,Anton Tikhonov,Anton Tikhonov,11,M & M & P & Q,4,97212.0,105488.0,0,2026-09-27 05:05:21.410000,mined_0927
tapes/114014721_0,114014721,0,Just A game on your lips,Just A game on your lips,12,Unknown Mother-Goose,7,98355.0,101557.0,0,2026-09-27 05:25:23.114000,mined_0927
tapes/114014721_1,114014721,1,Unknown Mother-Goose,Unknown Mother-Goose,7,Just A game on your lips,12,101557.0,98355.0,1,2026-09-27 05:25:23.114000,mined_0927
tapes/114005727_0,114005727,0,Yizhou,Yizhou,13,M & M & P & Q,4,105090.0,110367.0,0,2026-09-27 04:57:18.565000,mined_0927
tapes/114005727_1,114005727,1,M & M & P & Q,M & M & P & Q,4,Yizhou,13,110367.0,105090.0,1,2026-09-27 04:57:18.565000,mined_0927
tapes/114007135_0,114007135,0,TheEggman,TheEggman,14,KawattaTaido,8,107365.0,109819.0,0,2026-09-27 05:01:18.335000,mined_0927
tapes/114007135_1,114007135,1,KawattaTaido,KawattaTaido,8,TheEggman,14,109819.0,107365.0,1,2026-09-27 05:01:18.335000,mined_0927
tapes/114009706_0,114009706,0,mtmr_s1,mtmr_s1,15,Unknown Mother-Goose,7,91350.0,95390.0,0,2026-09-27 05:09:18.747000,mined_0927
tapes/114009706_1,114009706,1,Unknown Mother-Goose,Unknown Mother-Goose,7,mtmr_s1,15,95390.0,91350.0,1,2026-09-27 05:09:18.747000,mined_0927
tapes/114001731_0,114001731,0,Boey,Boey,2,DSM,1,105165.0,108286.0,0,2026-09-27 04:45:23.320000,mined_0927
tapes/114001731_1,114001731,1,DSM,DSM,1,Boey,2,108286.0,105165.0,1,2026-09-27 04:45:23.320000,mined_0927
tapes/114001722_0,114001722,0,DSM,DSM,1,Boey,2,94344.0,92932.0,1,2026-09-27 04:45:23.316000,mined_0927
tapes/114001722_1,114001722,1,Boey,Boey,2,DSM,1,92932.0,94344.0,0,2026-09-27 04:45:23.316000,mined_0927
tapes/114009886_0,114009886,0,Vadim Vasilenko,Vadim Vasilenko,3,DECEM,6,119852.0,113499.0,1,2026-09-27 05:09:19.160000,mined_0927
tapes/114009886_1,114009886,1,DECEM,DECEM,6,Vadim Vasilenko,3,113499.0,119852.0,0,2026-09-27 05:09:19.160000,mined_0927
tapes/114009672_0,114009672,0,M & M & P & Q,M & M & P & Q,4,DECEM,6,116186.0,111635.0,1,2026-09-27 05:09:18.712000,mined_0927
tapes/114009672_1,114009672,1,DECEM,DECEM,6,M & M & P & Q,4,111635.0,116186.0,0,2026-09-27 05:09:18.712000,mined_0927
tapes/114009592_0,114009592,0,KawattaTaido,KawattaTaido,8,Majkel1337,5,82694.0,87215.0,0,2026-09-27 05:09:18.535000,mined_0927
tapes/114009592_1,114009592,1,Majkel1337,Majkel1337,5,KawattaTaido,8,87215.0,82694.0,1,2026-09-27 05:09:18.535000,mined_0927
tapes/114009818_0,114009818,0,DECEM,DECEM,6,Vadim Vasilenko,3,84249.0,88756.0,0,2026-09-27 05:09:18.860000,mined_0927
tapes/114009818_1,114009818,1,Vadim Vasilenko,Vadim Vasilenko,3,DECEM,6,88756.0,84249.0,1,2026-09-27 05:09:18.860000,mined_0927
tapes/114013386_0,114013386,0,Unknown Mother-Goose,Unknown Mother-Goose,7,Just A game on your lips,12,90339.0,92547.0,0,2026-09-27 05:21:16.499000,mined_0927
tapes/114013386_1,114013386,1,Just A game on your lips,Just A game on your lips,12,Unknown Mother-Goose,7,92547.0,90339.0,1,2026-09-27 05:21:16.499000,mined_0927
tapes/114001729_0,114001729,0,KawattaTaido,KawattaTaido,8,Vadim Vasilenko,3,110612.0,122220.0,0,2026-09-27 04:45:23.321000,mined_0927
tapes/114001729_1,114001729,1,Vadim Vasilenko,Vadim Vasilenko,3,KawattaTaido,8,122220.0,110612.0,1,2026-09-27 04:45:23.321000,mined_0927
tapes/113975207_0,113975207,0,mtmr_s1,mtmr_s1,15,Fourth Quadrant,9,94681.0,114109.0,0,2026-09-27 03:25:23.510000,mined_0927
tapes/113975207_1,113975207,1,Fourth Quadrant,Fourth Quadrant,9,mtmr_s1,15,114109.0,94681.0,1,2026-09-27 03:25:23.510000,mined_0927
tapes/114008068_0,114008068,0,Unknown Mother-Goose,Unknown Mother-Goose,7,Azat Akhtyamov,10,86324.0,82977.0,1,2026-09-27 05:05:21.548000,mined_0927
tapes/114008068_1,114008068,1,Azat Akhtyamov,Azat Akhtyamov,10,Unknown Mother-Goose,7,82977.0,86324.0,0,2026-09-27 05:05:21.548000,mined_0927
tapes/114006540_0,114006540,0,Anton Tikhonov,Anton Tikhonov,11,M & M & P & Q,4,112054.0,110920.0,1,2026-09-27 05:01:17.496000,mined_0927
tapes/114006540_1,114006540,1,M & M & P & Q,M & M & P & Q,4,Anton Tikhonov,11,110920.0,112054.0,0,2026-09-27 05:01:17.496000,mined_0927
tapes/114004163_0,114004163,0,Just A game on your lips,Just A game on your lips,12,TheEggman,14,78355.0,77349.0,1,2026-09-27 04:53:16.552000,mined_0927
tapes/114004163_1,114004163,1,TheEggman,TheEggman,14,Just A game on your lips,12,77349.0,78355.0,0,2026-09-27 04:53:16.552000,mined_0927
tapes/114001780_0,114001780,0,Yizhou,Yizhou,13,Anton Tikhonov,11,108739.0,113078.0,0,2026-09-27 04:45:23.411000,mined_0927
tapes/114001780_1,114001780,1,Anton Tikhonov,Anton Tikhonov,11,Yizhou,13,113078.0,108739.0,1,2026-09-27 04:45:23.411000,mined_0927
tapes/114001513_0,114001513,0,TheEggman,TheEggman,14,Just A game on your lips,12,94577.0,101932.0,0,2026-09-27 04:45:23.018000,mined_0927
tapes/114001513_1,114001513,1,Just A game on your lips,Just A game on your lips,12,TheEggman,14,101932.0,94577.0,1,2026-09-27 04:45:23.018000,mined_0927
tapes/114004082_0,114004082,0,mtmr_s1,mtmr_s1,15,Just A game on your lips,12,101312.0,101628.0,0,2026-09-27 04:53:16.427000,mined_0927
tapes/114004082_1,114004082,1,Just A game on your lips,Just A game on your lips,12,mtmr_s1,15,101628.0,101312.0,1,2026-09-27 04:53:16.427000,mined_0927
tapes/113993851_0,113993851,0,DSM,DSM,1,Vadim Vasilenko,3,131769.0,125468.0,1,2026-09-27 04:21:16.296000,mined_0927
tapes/113993851_1,113993851,1,Vadim Vasilenko,Vadim Vasilenko,3,DSM,1,125468.0,131769.0,0,2026-09-27 04:21:16.296000,mined_0927
tapes/113993853_0,113993853,0,Boey,Boey,2,Majkel1337,5,117826.0,119020.0,0,2026-09-27 04:21:16.298000,mined_0927
tapes/113993853_1,113993853,1,Majkel1337,Majkel1337,5,Boey,2,119020.0,117826.0,1,2026-09-27 04:21:16.298000,mined_0927
tapes/114009306_0,114009306,0,Unknown Mother-Goose,Unknown Mother-Goose,7,Vadim Vasilenko,3,97961.0,102629.0,0,2026-09-27 05:09:17.930000,mined_0927
tapes/114009306_1,114009306,1,Vadim Vasilenko,Vadim Vasilenko,3,Unknown Mother-Goose,7,102629.0,97961.0,1,2026-09-27 05:09:17.930000,mined_0927
tapes/114001770_0,114001770,0,M & M & P & Q,M & M & P & Q,4,Just A game on your lips,12,148572.0,141867.0,1,2026-09-27 04:45:23.395000,mined_0927
tapes/114001770_1,114001770,1,Just A game on your lips,Just A game on your lips,12,M & M & P & Q,4,141867.0,148572.0,0,2026-09-27 04:45:23.395000,mined_0927
tapes/114001935_0,114001935,0,Majkel1337,Majkel1337,5,DECEM,6,92967.0,87882.0,1,2026-09-27 04:45:23.694000,mined_0927
tapes/114001935_1,114001935,1,DECEM,DECEM,6,Majkel1337,5,87882.0,92967.0,0,2026-09-27 04:45:23.694000,mined_0927
tapes/113994009_0,113994009,0,DECEM,DECEM,6,Majkel1337,5,128038.0,124271.0,1,2026-09-27 04:21:16.545000,mined_0927
tapes/113994009_1,113994009,1,Majkel1337,Majkel1337,5,DECEM,6,124271.0,128038.0,0,2026-09-27 04:21:16.545000,mined_0927
tapes/114005473_0,114005473,0,Anton Tikhonov,Anton Tikhonov,11,Unknown Mother-Goose,7,97878.0,102338.0,0,2026-09-27 04:57:18.278000,mined_0927
tapes/114005473_1,114005473,1,Unknown Mother-Goose,Unknown Mother-Goose,7,Anton Tikhonov,11,102338.0,97878.0,1,2026-09-27 04:57:18.278000,mined_0927
tapes/113993854_0,113993854,0,Yizhou,Yizhou,13,KawattaTaido,8,83262.0,86545.0,0,2026-09-27 04:21:16.301000,mined_0927
tapes/113993854_1,113993854,1,KawattaTaido,KawattaTaido,8,Yizhou,13,86545.0,83262.0,1,2026-09-27 04:21:16.301000,mined_0927
tapes/113973873_0,113973873,0,Just A game on your lips,Just A game on your lips,12,Fourth Quadrant,9,118675.0,116298.0,1,2026-09-27 03:21:15.624000,mined_0927
tapes/113973873_1,113973873,1,Fourth Quadrant,Fourth Quadrant,9,Just A game on your lips,12,116298.0,118675.0,0,2026-09-27 03:21:15.624000,mined_0927
tapes/114001733_0,114001733,0,Azat Akhtyamov,Azat Akhtyamov,10,Anton Tikhonov,11,99998.0,98400.0,1,2026-09-27 04:45:23.324000,mined_0927
tapes/114001733_1,114001733,1,Anton Tikhonov,Anton Tikhonov,11,Azat Akhtyamov,10,98400.0,99998.0,0,2026-09-27 04:45:23.324000,mined_0927
tapes/113993899_0,113993899,0,Anton Tikhonov,Anton Tikhonov,11,Vadim Vasilenko,3,94177.0,101377.0,0,2026-09-27 04:21:16.359000,mined_0927
tapes/113993899_1,113993899,1,Vadim Vasilenko,Vadim Vasilenko,3,Anton Tikhonov,11,101377.0,94177.0,1,2026-09-27 04:21:16.359000,mined_0927
tapes/114000148_0,114000148,0,Unknown Mother-Goose,Unknown Mother-Goose,7,Just A game on your lips,12,85922.0,80037.0,1,2026-09-27 04:41:15.699000,mined_0927
tapes/114000148_1,114000148,1,Just A game on your lips,Just A game on your lips,12,Unknown Mother-Goose,7,80037.0,85922.0,0,2026-09-27 04:41:15.699000,mined_0927
tapes/113999099_0,113999099,0,Yizhou,Yizhou,13,TheEggman,14,123914.0,125070.0,0,2026-09-27 04:37:16.134000,mined_0927
tapes/113999099_1,113999099,1,TheEggman,TheEggman,14,Yizhou,13,125070.0,123914.0,1,2026-09-27 04:37:16.134000,mined_0927
tapes/113993548_0,113993548,0,TheEggman,TheEggman,14,Anton Tikhonov,11,110957.0,109604.0,1,2026-09-27 04:21:15.821000,mined_0927
tapes/113993548_1,113993548,1,Anton Tikhonov,Anton Tikhonov,11,TheEggman,14,109604.0,110957.0,0,2026-09-27 04:21:15.821000,mined_0927
tapes/113993428_0,113993428,0,M & M & P & Q,M & M & P & Q,4,mtmr_s1,15,83398.0,69873.0,1,2026-09-27 04:21:15.643000,mined_0927
tapes/113993428_1,113993428,1,mtmr_s1,mtmr_s1,15,M & M & P & Q,4,69873.0,83398.0,0,2026-09-27 04:21:15.643000,mined_0927
tapes/113993850_0,113993850,0,DSM,DSM,1,Vadim Vasilenko,3,114728.0,113038.0,1,2026-09-27 04:21:16.296000,mined_0927
tapes/113993850_1,113993850,1,Vadim Vasilenko,Vadim Vasilenko,3,DSM,1,113038.0,114728.0,0,2026-09-27 04:21:16.296000,mined_0927
tapes/113957216_0,113957216,0,Boey,Boey,2,DSM,1,108341.0,104208.0,1,2026-09-27 02:29:16.643000,mined_0927
tapes/113957216_1,113957216,1,DSM,DSM,1,Boey,2,104208.0,108341.0,0,2026-09-27 02:29:16.643000,mined_0927
tapes/114001769_0,114001769,0,Vadim Vasilenko,Vadim Vasilenko,3,Unknown Mother-Goose,7,93566.0,91077.0,1,2026-09-27 04:45:23.402000,mined_0927
tapes/114001769_1,114001769,1,Unknown Mother-Goose,Unknown Mother-Goose,7,Vadim Vasilenko,3,91077.0,93566.0,0,2026-09-27 04:45:23.402000,mined_0927
tapes/113994752_0,113994752,0,M & M & P & Q,M & M & P & Q,4,Just A game on your lips,12,82811.0,82198.0,1,2026-09-27 04:25:27.501000,mined_0927
tapes/113994752_1,113994752,1,Just A game on your lips,Just A game on your lips,12,M & M & P & Q,4,82198.0,82811.0,0,2026-09-27 04:25:27.501000,mined_0927
tapes/114001766_0,114001766,0,Majkel1337,Majkel1337,5,Vadim Vasilenko,3,116647.0,122043.0,0,2026-09-27 04:45:23.396000,mined_0927
tapes/114001766_1,114001766,1,Vadim Vasilenko,Vadim Vasilenko,3,Majkel1337,5,122043.0,116647.0,1,2026-09-27 04:45:23.396000,mined_0927
tapes/113993901_0,113993901,0,DECEM,DECEM,6,Majkel1337,5,86382.0,85631.0,1,2026-09-27 04:21:16.360000,mined_0927
tapes/113993901_1,113993901,1,Majkel1337,Majkel1337,5,DECEM,6,85631.0,86382.0,0,2026-09-27 04:21:16.360000,mined_0927
tapes/113989547_0,113989547,0,Just A game on your lips,Just A game on your lips,12,Unknown Mother-Goose,7,94187.0,97061.0,0,2026-09-27 04:09:15.841000,mined_0927
tapes/113989547_1,113989547,1,Unknown Mother-Goose,Unknown Mother-Goose,7,Just A game on your lips,12,97061.0,94187.0,1,2026-09-27 04:09:15.841000,mined_0927
tapes/113972628_0,113972628,0,KawattaTaido,KawattaTaido,8,mtmr_s1,15,124312.0,126208.0,0,2026-09-27 03:17:16.856000,mined_0927
tapes/113972628_1,113972628,1,mtmr_s1,mtmr_s1,15,KawattaTaido,8,126208.0,124312.0,1,2026-09-27 03:17:16.856000,mined_0927
tapes/113971244_0,113971244,0,Yizhou,Yizhou,13,Fourth Quadrant,9,72131.0,85800.0,0,2026-09-27 03:13:16.812000,mined_0927
tapes/113971244_1,113971244,1,Fourth Quadrant,Fourth Quadrant,9,Yizhou,13,85800.0,72131.0,1,2026-09-27 03:13:16.812000,mined_0927
tapes/114001728_0,114001728,0,Azat Akhtyamov,Azat Akhtyamov,10,Vadim Vasilenko,3,87868.0,94846.0,0,2026-09-27 04:45:23.318000,mined_0927
tapes/114001728_1,114001728,1,Vadim Vasilenko,Vadim Vasilenko,3,Azat Akhtyamov,10,94846.0,87868.0,1,2026-09-27 04:45:23.318000,mined_0927
tapes/113966430_0,113966430,0,Yizhou,Yizhou,13,Anton Tikhonov,11,83586.0,84642.0,0,2026-09-27 02:57:17.204000,mined_0927
tapes/113966430_1,113966430,1,Anton Tikhonov,Anton Tikhonov,11,Yizhou,13,84642.0,83586.0,1,2026-09-27 02:57:17.204000,mined_0927
tapes/113990910_0,113990910,0,Just A game on your lips,Just A game on your lips,12,TheEggman,14,100825.0,99073.0,1,2026-09-27 04:13:15.706000,mined_0927
tapes/113990910_1,113990910,1,TheEggman,TheEggman,14,Just A game on your lips,12,99073.0,100825.0,0,2026-09-27 04:13:15.706000,mined_0927
tapes/113982919_0,113982919,0,TheEggman,TheEggman,14,Yizhou,13,86203.0,85128.0,1,2026-09-27 03:49:15.529000,mined_0927
tapes/113982919_1,113982919,1,Yizhou,Yizhou,13,TheEggman,14,85128.0,86203.0,0,2026-09-27 03:49:15.529000,mined_0927
tapes/113991271_0,113991271,0,TheEggman,TheEggman,14,mtmr_s1,15,100712.0,103355.0,0,2026-09-27 04:13:16.251000,mined_0927
tapes/113991271_1,113991271,1,mtmr_s1,mtmr_s1,15,TheEggman,14,103355.0,100712.0,1,2026-09-27 04:13:16.251000,mined_0927
tapes/113986242_0,113986242,0,Majkel1337,Majkel1337,5,mtmr_s1,15,144753.0,142981.0,1,2026-09-27 03:57:18.916000,mined_0927
tapes/113986242_1,113986242,1,mtmr_s1,mtmr_s1,15,Majkel1337,5,142981.0,144753.0,0,2026-09-27 03:57:18.916000,mined_0927
tapes/113978088_0,113978088,0,DSM,DSM,1,Vadim Vasilenko,3,116693.0,112959.0,1,2026-09-27 03:33:17.714000,mined_0927
tapes/113978088_1,113978088,1,Vadim Vasilenko,Vadim Vasilenko,3,DSM,1,112959.0,116693.0,0,2026-09-27 03:33:17.714000,mined_0927
tapes/113950573_0,113950573,0,Boey,Boey,2,DSM,1,172545.0,169814.0,1,2026-09-27 02:09:16.661000,mined_0927
tapes/113950573_1,113950573,1,DSM,DSM,1,Boey,2,169814.0,172545.0,0,2026-09-27 02:09:16.661000,mined_0927
tapes/113963511_0,113963511,0,Anton Tikhonov,Anton Tikhonov,11,Vadim Vasilenko,3,74965.0,85672.0,0,2026-09-27 02:49:18.775000,mined_0927
tapes/113963511_1,113963511,1,Vadim Vasilenko,Vadim Vasilenko,3,Anton Tikhonov,11,85672.0,74965.0,1,2026-09-27 02:49:18.775000,mined_0927
tapes/113993900_0,113993900,0,M & M & P & Q,M & M & P & Q,4,Majkel1337,5,86590.0,84309.0,1,2026-09-27 04:21:16.358000,mined_0927
tapes/113993900_1,113993900,1,Majkel1337,Majkel1337,5,M & M & P & Q,4,84309.0,86590.0,0,2026-09-27 04:21:16.358000,mined_0927
tapes/113975652_0,113975652,0,mtmr_s1,mtmr_s1,15,Majkel1337,5,101159.0,111294.0,0,2026-09-27 03:25:24.127000,mined_0927
tapes/113975652_1,113975652,1,Majkel1337,Majkel1337,5,mtmr_s1,15,111294.0,101159.0,1,2026-09-27 03:25:24.127000,mined_0927
tapes/113953050_0,113953050,0,Yizhou,Yizhou,13,DECEM,6,98477.0,111212.0,0,2026-09-27 02:17:16.085000,mined_0927
tapes/113953050_1,113953050,1,DECEM,DECEM,6,Yizhou,13,111212.0,98477.0,1,2026-09-27 02:17:16.085000,mined_0927
tapes/113985578_0,113985578,0,mtmr_s1,mtmr_s1,15,Unknown Mother-Goose,7,91447.0,94727.0,0,2026-09-27 03:57:17.888000,mined_0927
tapes/113985578_1,113985578,1,Unknown Mother-Goose,Unknown Mother-Goose,7,mtmr_s1,15,94727.0,91447.0,1,2026-09-27 03:57:17.888000,mined_0927
tapes/113968653_0,113968653,0,KawattaTaido,KawattaTaido,8,Majkel1337,5,93791.0,93257.0,1,2026-09-27 03:05:28.804000,mined_0927
tapes/113968653_1,113968653,1,Majkel1337,Majkel1337,5,KawattaTaido,8,93257.0,93791.0,0,2026-09-27 03:05:28.804000,mined_0927
tapes/113965996_0,113965996,0,Fourth Quadrant,Fourth Quadrant,9,KawattaTaido,8,103634.0,123744.0,0,2026-09-27 02:57:16.422000,mined_0927
tapes/113965996_1,113965996,1,KawattaTaido,KawattaTaido,8,Fourth Quadrant,9,123744.0,103634.0,1,2026-09-27 02:57:16.422000,mined_0927
tapes/113956990_0,113956990,0,Azat Akhtyamov,Azat Akhtyamov,10,KawattaTaido,8,120858.0,122248.0,0,2026-09-27 02:29:16.340000,mined_0927
tapes/113956990_1,113956990,1,KawattaTaido,KawattaTaido,8,Azat Akhtyamov,10,122248.0,120858.0,1,2026-09-27 02:29:16.340000,mined_0927
tapes/113952650_0,113952650,0,Fourth Quadrant,Fourth Quadrant,9,Anton Tikhonov,11,58964.0,68466.0,0,2026-09-27 02:17:15.413000,mined_0927
tapes/113952650_1,113952650,1,Anton Tikhonov,Anton Tikhonov,11,Fourth Quadrant,9,68466.0,58964.0,1,2026-09-27 02:17:15.413000,mined_0927
tapes/113943648_0,113943648,0,Vadim Vasilenko,Vadim Vasilenko,3,Pii,12,112437.0,101365.0,1,2026-09-27 01:49:16.086000,mined_0927
tapes/113943648_1,113943648,1,Pii,Just A game on your lips,12,Vadim Vasilenko,3,101365.0,112437.0,0,2026-09-27 01:49:16.086000,mined_0927
tapes/113974117_0,113974117,0,mtmr_s1,mtmr_s1,15,Yizhou,13,78659.0,83104.0,0,2026-09-27 03:21:16.002000,mined_0927
tapes/113974117_1,113974117,1,Yizhou,Yizhou,13,mtmr_s1,15,83104.0,78659.0,1,2026-09-27 03:21:16.002000,mined_0927
tapes/113985620_0,113985620,0,TheEggman,TheEggman,14,mtmr_s1,15,127981.0,128197.0,0,2026-09-27 03:57:17.921000,mined_0927
tapes/113985620_1,113985620,1,mtmr_s1,mtmr_s1,15,TheEggman,14,128197.0,127981.0,1,2026-09-27 03:57:17.921000,mined_0927
tapes/113964587_0,113964587,0,Fourth Quadrant,Fourth Quadrant,9,mtmr_s1,15,83376.0,76147.0,1,2026-09-27 02:53:17.990000,mined_0927
tapes/113964587_1,113964587,1,mtmr_s1,mtmr_s1,15,Fourth Quadrant,9,76147.0,83376.0,0,2026-09-27 02:53:17.990000,mined_0927
tapes/113957186_0,113957186,0,DSM,DSM,1,Vadim Vasilenko,3,112316.0,106109.0,1,2026-09-27 02:29:16.615000,mined_0927
tapes/113957186_1,113957186,1,Vadim Vasilenko,Vadim Vasilenko,3,DSM,1,106109.0,112316.0,0,2026-09-27 02:29:16.615000,mined_0927
tapes/113950529_0,113950529,0,Vadim Vasilenko,Vadim Vasilenko,3,Boey,2,99623.0,98631.0,1,2026-09-27 02:09:16.538000,mined_0927
tapes/113950529_1,113950529,1,Boey,Boey,2,Vadim Vasilenko,3,98631.0,99623.0,0,2026-09-27 02:09:16.538000,mined_0927
tapes/113955909_0,113955909,0,Majkel1337,Majkel1337,5,Vadim Vasilenko,3,110288.0,113265.0,0,2026-09-27 02:25:17.630000,mined_0927
tapes/113955909_1,113955909,1,Vadim Vasilenko,Vadim Vasilenko,3,Majkel1337,5,113265.0,110288.0,1,2026-09-27 02:25:17.630000,mined_0927
tapes/113962525_0,113962525,0,M & M & P & Q,M & M & P & Q,4,Majkel1337,5,146089.0,139552.0,1,2026-09-27 02:45:20.705000,mined_0927
tapes/113962525_1,113962525,1,Majkel1337,Majkel1337,5,M & M & P & Q,4,139552.0,146089.0,0,2026-09-27 02:45:20.705000,mined_0927
tapes/113953095_0,113953095,0,Majkel1337,Majkel1337,5,Vadim Vasilenko,3,112468.0,116492.0,0,2026-09-27 02:17:16.129000,mined_0927
tapes/113953095_1,113953095,1,Vadim Vasilenko,Vadim Vasilenko,3,Majkel1337,5,116492.0,112468.0,1,2026-09-27 02:17:16.129000,mined_0927
tapes/113946289_0,113946289,0,DECEM,DECEM,6,Vadim Vasilenko,3,90393.0,89080.0,1,2026-09-27 01:57:16.202000,mined_0927
tapes/113946289_1,113946289,1,Vadim Vasilenko,Vadim Vasilenko,3,DECEM,6,89080.0,90393.0,0,2026-09-27 01:57:16.202000,mined_0927
tapes/113937468_0,113937468,0,DSM,DSM,1,Unknown Mother-Goose,7,118509.0,118834.0,0,2026-09-27 01:29:16.450000,mined_0927
tapes/113937468_1,113937468,1,Unknown Mother-Goose,Unknown Mother-Goose,7,DSM,1,118834.0,118509.0,1,2026-09-27 01:29:16.450000,mined_0927
tapes/113959716_0,113959716,0,Yizhou,Yizhou,13,KawattaTaido,8,81188.0,83170.0,0,2026-09-27 02:37:18.321000,mined_0927
tapes/113959716_1,113959716,1,KawattaTaido,KawattaTaido,8,Yizhou,13,83170.0,81188.0,1,2026-09-27 02:37:18.321000,mined_0927
tapes/113965913_0,113965913,0,Fourth Quadrant,Fourth Quadrant,9,TheEggman,14,101647.0,91915.0,1,2026-09-27 02:57:16.303000,mined_0927
tapes/113965913_1,113965913,1,TheEggman,TheEggman,14,Fourth Quadrant,9,91915.0,101647.0,0,2026-09-27 02:57:16.303000,mined_0927
tapes/113947462_0,113947462,0,KawattaTaido,KawattaTaido,8,Azat Akhtyamov,10,116423.0,112494.0,1,2026-09-27 02:01:15.816000,mined_0927
tapes/113947462_1,113947462,1,Azat Akhtyamov,Azat Akhtyamov,10,KawattaTaido,8,112494.0,116423.0,0,2026-09-27 02:01:15.816000,mined_0927
tapes/113951759_0,113951759,0,mtmr_s1,mtmr_s1,15,Anton Tikhonov,11,89158.0,89605.0,0,2026-09-27 02:13:16.207000,mined_0927
tapes/113951759_1,113951759,1,Anton Tikhonov,Anton Tikhonov,11,mtmr_s1,15,89605.0,89158.0,1,2026-09-27 02:13:16.207000,mined_0927
tapes/113941476_0,113941476,0,Yizhou,Yizhou,13,Pii,12,104722.0,106980.0,0,2026-09-27 01:41:16.723000,mined_0927
tapes/113941476_1,113941476,1,Pii,Just A game on your lips,12,Yizhou,13,106980.0,104722.0,1,2026-09-27 01:41:16.723000,mined_0927
tapes/113950608_0,113950608,0,Yizhou,Yizhou,13,Vadim Vasilenko,3,96475.0,106050.0,0,2026-09-27 02:09:16.719000,mined_0927
tapes/113950608_1,113950608,1,Vadim Vasilenko,Vadim Vasilenko,3,Yizhou,13,106050.0,96475.0,1,2026-09-27 02:09:16.719000,mined_0927
tapes/113950554_0,113950554,0,TheEggman,TheEggman,14,Yizhou,13,73281.0,70299.0,1,2026-09-27 02:09:16.591000,mined_0927
tapes/113950554_1,113950554,1,Yizhou,Yizhou,13,TheEggman,14,70299.0,73281.0,0,2026-09-27 02:09:16.591000,mined_0927
tapes/113958432_0,113958432,0,mtmr_s1,mtmr_s1,15,KawattaTaido,8,110793.0,108311.0,1,2026-09-27 02:33:20.434000,mined_0927
tapes/113958432_1,113958432,1,KawattaTaido,KawattaTaido,8,mtmr_s1,15,108311.0,110793.0,0,2026-09-27 02:33:20.434000,mined_0927
tapes/113937526_0,113937526,0,Vadim Vasilenko,Vadim Vasilenko,3,DSM,1,110437.0,113024.0,0,2026-09-27 01:29:16.600000,mined_0927
tapes/113937526_1,113937526,1,DSM,DSM,1,Vadim Vasilenko,3,113024.0,110437.0,1,2026-09-27 01:29:16.600000,mined_0927
tapes/113937397_0,113937397,0,DSM,DSM,1,Boey,2,104454.0,104462.0,0,2026-09-27 01:29:16.449000,mined_0927
tapes/113937397_1,113937397,1,Boey,Boey,2,DSM,1,104462.0,104454.0,1,2026-09-27 01:29:16.449000,mined_0927
tapes/113950523_0,113950523,0,Vadim Vasilenko,Vadim Vasilenko,3,M & M & P & Q,4,75155.0,75843.0,0,2026-09-27 02:09:16.536000,mined_0927
tapes/113950523_1,113950523,1,M & M & P & Q,M & M & P & Q,4,Vadim Vasilenko,3,75843.0,75155.0,1,2026-09-27 02:09:16.536000,mined_0927
tapes/113943958_0,113943958,0,M & M & P & Q,M & M & P & Q,4,Majkel1337,5,91536.0,86939.0,1,2026-09-27 01:49:16.522000,mined_0927
tapes/113943958_1,113943958,1,Majkel1337,Majkel1337,5,M & M & P & Q,4,86939.0,91536.0,0,2026-09-27 01:49:16.522000,mined_0927
tapes/113950609_0,113950609,0,Majkel1337,Majkel1337,5,Anton Tikhonov,11,123234.0,120215.0,1,2026-09-27 02:09:16.719000,mined_0927
tapes/113950609_1,113950609,1,Anton Tikhonov,Anton Tikhonov,11,Majkel1337,5,120215.0,123234.0,0,2026-09-27 02:09:16.719000,mined_0927
tapes/113944054_0,113944054,0,DECEM,DECEM,6,Anton Tikhonov,11,122061.0,111481.0,1,2026-09-27 01:49:16.701000,mined_0927
tapes/113944054_1,113944054,1,Anton Tikhonov,Anton Tikhonov,11,DECEM,6,111481.0,122061.0,0,2026-09-27 01:49:16.701000,mined_0927
tapes/113937424_0,113937424,0,M & M & P & Q,M & M & P & Q,4,Unknown Mother-Goose,7,92814.0,91273.0,1,2026-09-27 01:29:16.486000,mined_0927
tapes/113937424_1,113937424,1,Unknown Mother-Goose,Unknown Mother-Goose,7,M & M & P & Q,4,91273.0,92814.0,0,2026-09-27 01:29:16.486000,mined_0927
tapes/113951393_0,113951393,0,KawattaTaido,KawattaTaido,8,Fourth Quadrant,9,94749.0,101455.0,0,2026-09-27 02:13:15.636000,mined_0927
tapes/113951393_1,113951393,1,Fourth Quadrant,Fourth Quadrant,9,KawattaTaido,8,101455.0,94749.0,1,2026-09-27 02:13:15.636000,mined_0927
tapes/113948700_0,113948700,0,Yizhou,Yizhou,13,Fourth Quadrant,9,95706.0,99683.0,0,2026-09-27 02:05:16.917000,mined_0927
tapes/113948700_1,113948700,1,Fourth Quadrant,Fourth Quadrant,9,Yizhou,13,99683.0,95706.0,1,2026-09-27 02:05:16.917000,mined_0927
tapes/113943991_0,113943991,0,TheEggman,TheEggman,14,Azat Akhtyamov,10,84231.0,88671.0,0,2026-09-27 01:49:16.554000,mined_0927
tapes/113943991_1,113943991,1,Azat Akhtyamov,Azat Akhtyamov,10,TheEggman,14,88671.0,84231.0,1,2026-09-27 01:49:16.554000,mined_0927
tapes/113942479_0,113942479,0,Yizhou,Yizhou,13,Anton Tikhonov,11,78229.0,82737.0,0,2026-09-27 01:45:16.745000,mined_0927
tapes/113942479_1,113942479,1,Anton Tikhonov,Anton Tikhonov,11,Yizhou,13,82737.0,78229.0,1,2026-09-27 01:45:16.745000,mined_0927
tapes/113937505_0,113937505,0,Azat Akhtyamov,Azat Akhtyamov,10,Pii,12,150604.0,157382.0,0,2026-09-27 01:29:16.589000,mined_0927
tapes/113937505_1,113937505,1,Pii,Just A game on your lips,12,Azat Akhtyamov,10,157382.0,150604.0,1,2026-09-27 01:29:16.589000,mined_0927
tapes/113946147_0,113946147,0,KawattaTaido,KawattaTaido,8,Yizhou,13,85397.0,81855.0,1,2026-09-27 01:57:15.996000,mined_0927
tapes/113946147_1,113946147,1,Yizhou,Yizhou,13,KawattaTaido,8,81855.0,85397.0,0,2026-09-27 01:57:15.996000,mined_0927
tapes/113930897_0,113930897,0,TheEggman,TheEggman,14,Anton Tikhonov,11,86435.0,86014.0,1,2026-09-27 01:09:16.738000,mined_0927
tapes/113930897_1,113930897,1,Anton Tikhonov,Anton Tikhonov,11,TheEggman,14,86014.0,86435.0,0,2026-09-27 01:09:16.738000,mined_0927
tapes/113945094_0,113945094,0,Majkel1337,Majkel1337,5,mtmr_s1,15,92636.0,87942.0,1,2026-09-27 01:53:16.024000,mined_0927
tapes/113945094_1,113945094,1,mtmr_s1,mtmr_s1,15,Majkel1337,5,87942.0,92636.0,0,2026-09-27 01:53:16.024000,mined_0927
tapes/113930901_0,113930901,0,DSM,DSM,1,Majkel1337,5,127106.0,121962.0,1,2026-09-27 01:09:16.737000,mined_0927
tapes/113930901_1,113930901,1,Majkel1337,Majkel1337,5,DSM,1,121962.0,127106.0,0,2026-09-27 01:09:16.737000,mined_0927
tapes/113930893_0,113930893,0,Boey,Boey,2,M & M & P & Q,4,127921.0,128269.0,0,2026-09-27 01:09:16.732000,mined_0927
tapes/113930893_1,113930893,1,M & M & P & Q,M & M & P & Q,4,Boey,2,128269.0,127921.0,1,2026-09-27 01:09:16.732000,mined_0927
tapes/113947612_0,113947612,0,Vadim Vasilenko,Vadim Vasilenko,3,Majkel1337,5,91426.0,87812.0,1,2026-09-27 02:01:16.023000,mined_0927
tapes/113947612_1,113947612,1,Majkel1337,Majkel1337,5,Vadim Vasilenko,3,87812.0,91426.0,0,2026-09-27 02:01:16.023000,mined_0927
tapes/113942318_0,113942318,0,Vadim Vasilenko,Vadim Vasilenko,3,M & M & P & Q,4,108477.0,106833.0,1,2026-09-27 01:45:16.522000,mined_0927
tapes/113942318_1,113942318,1,M & M & P & Q,M & M & P & Q,4,Vadim Vasilenko,3,106833.0,108477.0,0,2026-09-27 01:45:16.522000,mined_0927
tapes/113944056_0,113944056,0,Vadim Vasilenko,Vadim Vasilenko,3,Majkel1337,5,96048.0,98248.0,0,2026-09-27 01:49:16.698000,mined_0927
tapes/113944056_1,113944056,1,Majkel1337,Majkel1337,5,Vadim Vasilenko,3,98248.0,96048.0,1,2026-09-27 01:49:16.698000,mined_0927
tapes/113937500_0,113937500,0,Majkel1337,Majkel1337,5,DECEM,6,81884.0,90880.0,0,2026-09-27 01:29:16.538000,mined_0927
tapes/113937500_1,113937500,1,DECEM,DECEM,6,Majkel1337,5,90880.0,81884.0,1,2026-09-27 01:29:16.538000,mined_0927
tapes/113924302_0,113924302,0,Unknown Mother-Goose,Unknown Mother-Goose,7,Majkel1337,5,128228.0,131090.0,0,2026-09-27 00:49:16.618000,mined_0927
tapes/113924302_1,113924302,1,Majkel1337,Majkel1337,5,Unknown Mother-Goose,7,131090.0,128228.0,1,2026-09-27 00:49:16.618000,mined_0927
tapes/113938212_0,113938212,0,mtmr_s1,mtmr_s1,15,KawattaTaido,8,96663.0,94553.0,1,2026-09-27 01:33:15.685000,mined_0927
tapes/113938212_1,113938212,1,KawattaTaido,KawattaTaido,8,mtmr_s1,15,94553.0,96663.0,0,2026-09-27 01:33:15.685000,mined_0927
tapes/113930972_0,113930972,0,mtmr_s1,mtmr_s1,15,Azat Akhtyamov,10,112964.0,112674.0,1,2026-09-27 01:09:16.853000,mined_0927
tapes/113930972_1,113930972,1,Azat Akhtyamov,Azat Akhtyamov,10,mtmr_s1,15,112674.0,112964.0,0,2026-09-27 01:09:16.853000,mined_0927
tapes/113941332_0,113941332,0,Anton Tikhonov,Anton Tikhonov,11,mtmr_s1,15,102468.0,97250.0,1,2026-09-27 01:41:16.609000,mined_0927
tapes/113941332_1,113941332,1,mtmr_s1,mtmr_s1,15,Anton Tikhonov,11,97250.0,102468.0,0,2026-09-27 01:41:16.609000,mined_0927
tapes/113937498_0,113937498,0,DECEM,DECEM,6,Pii,12,91638.0,80023.0,1,2026-09-27 01:29:16.536000,mined_0927
tapes/113937498_1,113937498,1,Pii,Just A game on your lips,12,DECEM,6,80023.0,91638.0,0,2026-09-27 01:29:16.536000,mined_0927
tapes/113941551_0,113941551,0,Yizhou,Yizhou,13,Vadim Vasilenko,3,89774.0,111797.0,0,2026-09-27 01:41:16.505000,mined_0927
tapes/113941551_1,113941551,1,Vadim Vasilenko,Vadim Vasilenko,3,Yizhou,13,111797.0,89774.0,1,2026-09-27 01:41:16.505000,mined_0927
tapes/113915198_0,113915198,0,TheEggman,TheEggman,14,Majkel1337,5,111033.0,122852.0,0,2026-09-27 00:21:16.929000,mined_0927
tapes/113915198_1,113915198,1,Majkel1337,Majkel1337,5,TheEggman,14,122852.0,111033.0,1,2026-09-27 00:21:16.929000,mined_0927
tapes/113944967_0,113944967,0,Vadim Vasilenko,Vadim Vasilenko,3,mtmr_s1,15,99318.0,84375.0,1,2026-09-27 01:53:15.845000,mined_0927
tapes/113944967_1,113944967,1,mtmr_s1,mtmr_s1,15,Vadim Vasilenko,3,84375.0,99318.0,0,2026-09-27 01:53:15.845000,mined_0927
tapes/113930889_0,113930889,0,Boey,Boey,2,DSM,1,135588.0,135807.0,0,2026-09-27 01:09:16.728000,mined_0927
tapes/113930889_1,113930889,1,DSM,DSM,1,Boey,2,135807.0,135588.0,1,2026-09-27 01:09:16.728000,mined_0927
tapes/113924298_0,113924298,0,Boey,Boey,2,DSM,1,108513.0,109497.0,0,2026-09-27 00:49:16.614000,mined_0927
tapes/113924298_1,113924298,1,DSM,DSM,1,Boey,2,109497.0,108513.0,1,2026-09-27 00:49:16.614000,mined_0927
tapes/113938375_0,113938375,0,Vadim Vasilenko,Vadim Vasilenko,3,M & M & P & Q,4,130647.0,133280.0,0,2026-09-27 01:33:15.900000,mined_0927
tapes/113938375_1,113938375,1,M & M & P & Q,M & M & P & Q,4,Vadim Vasilenko,3,133280.0,130647.0,1,2026-09-27 01:33:15.900000,mined_0927
tapes/113937467_0,113937467,0,M & M & P & Q,M & M & P & Q,4,Majkel1337,5,82757.0,85380.0,0,2026-09-27 01:29:16.448000,mined_0927
tapes/113937467_1,113937467,1,Majkel1337,Majkel1337,5,M & M & P & Q,4,85380.0,82757.0,1,2026-09-27 01:29:16.448000,mined_0927
tapes/113937406_0,113937406,0,DECEM,DECEM,6,Majkel1337,5,127581.0,132411.0,0,2026-09-27 01:29:16.451000,mined_0927
tapes/113937406_1,113937406,1,Majkel1337,Majkel1337,5,DECEM,6,132411.0,127581.0,1,2026-09-27 01:29:16.451000,mined_0927
tapes/113930890_0,113930890,0,DECEM,DECEM,6,Vadim Vasilenko,3,82917.0,84783.0,0,2026-09-27 01:09:16.728000,mined_0927
tapes/113930890_1,113930890,1,Vadim Vasilenko,Vadim Vasilenko,3,DECEM,6,84783.0,82917.0,1,2026-09-27 01:09:16.728000,mined_0927
tapes/113909332_0,113909332,0,Anton Tikhonov,Anton Tikhonov,11,Unknown Mother-Goose,7,129600.0,133949.0,0,2026-09-27 00:05:18.006000,mined_0927
tapes/113909332_1,113909332,1,Unknown Mother-Goose,Unknown Mother-Goose,7,Anton Tikhonov,11,133949.0,129600.0,1,2026-09-27 00:05:18.006000,mined_0927
tapes/113930732_0,113930732,0,Azat Akhtyamov,Azat Akhtyamov,10,M & M & P & Q,4,127368.0,125338.0,1,2026-09-27 01:09:16.492000,mined_0927
tapes/113930732_1,113930732,1,M & M & P & Q,M & M & P & Q,4,Azat Akhtyamov,10,125338.0,127368.0,0,2026-09-27 01:09:16.492000,mined_0927
tapes/113935745_0,113935745,0,Anton Tikhonov,Anton Tikhonov,11,Vadim Vasilenko,3,82406.0,91925.0,0,2026-09-27 01:25:20.441000,mined_0927
tapes/113935745_1,113935745,1,Vadim Vasilenko,Vadim Vasilenko,3,Anton Tikhonov,11,91925.0,82406.0,1,2026-09-27 01:25:20.441000,mined_0927
tapes/113934991_0,113934991,0,Pii,Just A game on your lips,12,Anton Tikhonov,11,123077.0,125565.0,0,2026-09-27 01:21:21.650000,mined_0927
tapes/113934991_1,113934991,1,Anton Tikhonov,Anton Tikhonov,11,Pii,12,125565.0,123077.0,1,2026-09-27 01:21:21.650000,mined_0927
tapes/113930894_0,113930894,0,Anton Tikhonov,Anton Tikhonov,11,Yizhou,13,108692.0,109107.0,0,2026-09-27 01:09:16.734000,mined_0927
tapes/113930894_1,113930894,1,Yizhou,Yizhou,13,Anton Tikhonov,11,109107.0,108692.0,1,2026-09-27 01:09:16.734000,mined_0927
tapes/113900813_0,113900813,0,Yizhou,Yizhou,13,TheEggman,14,99819.0,105270.0,0,2026-09-26 23:37:18.325000,mined_0927
tapes/113900813_1,113900813,1,TheEggman,TheEggman,14,Yizhou,13,105270.0,99819.0,1,2026-09-26 23:37:18.325000,mined_0927
tapes/113937056_0,113937056,0,Vadim Vasilenko,Vadim Vasilenko,3,mtmr_s1,15,87038.0,68964.0,1,2026-09-27 01:29:15.915000,mined_0927
tapes/113937056_1,113937056,1,mtmr_s1,mtmr_s1,15,Vadim Vasilenko,3,68964.0,87038.0,0,2026-09-27 01:29:15.915000,mined_0927
tapes/113924301_0,113924301,0,DSM,DSM,1,Majkel1337,5,98710.0,93243.0,1,2026-09-27 00:49:16.618000,mined_0927
tapes/113924301_1,113924301,1,Majkel1337,Majkel1337,5,DSM,1,93243.0,98710.0,0,2026-09-27 00:49:16.618000,mined_0927
tapes/113924289_0,113924289,0,DSM,DSM,1,Boey,2,113305.0,103573.0,1,2026-09-27 00:49:16.609000,mined_0927
tapes/113924289_1,113924289,1,Boey,Boey,2,DSM,1,103573.0,113305.0,0,2026-09-27 00:49:16.609000,mined_0927
tapes/113934698_0,113934698,0,Vadim Vasilenko,Vadim Vasilenko,3,Anton Tikhonov,11,100164.0,98127.0,1,2026-09-27 01:21:20.730000,mined_0927
tapes/113934698_1,113934698,1,Anton Tikhonov,Anton Tikhonov,11,Vadim Vasilenko,3,98127.0,100164.0,0,2026-09-27 01:21:20.730000,mined_0927
tapes/113929124_0,113929124,0,M & M & P & Q,M & M & P & Q,4,Vadim Vasilenko,3,83475.0,83047.0,1,2026-09-27 01:05:17.895000,mined_0927
tapes/113929124_1,113929124,1,Vadim Vasilenko,Vadim Vasilenko,3,M & M & P & Q,4,83047.0,83475.0,0,2026-09-27 01:05:17.895000,mined_0927
tapes/113930888_0,113930888,0,DECEM,DECEM,6,Majkel1337,5,75923.0,70442.0,1,2026-09-27 01:09:16.725000,mined_0927
tapes/113930888_1,113930888,1,Majkel1337,Majkel1337,5,DECEM,6,70442.0,75923.0,0,2026-09-27 01:09:16.725000,mined_0927
tapes/113924293_0,113924293,0,DECEM,DECEM,6,M & M & P & Q,4,108252.0,105923.0,1,2026-09-27 00:49:16.612000,mined_0927
tapes/113924293_1,113924293,1,M & M & P & Q,M & M & P & Q,4,DECEM,6,105923.0,108252.0,0,2026-09-27 00:49:16.612000,mined_0927
tapes/113908167_0,113908167,0,Unknown Mother-Goose,Unknown Mother-Goose,7,Yizhou,13,107038.0,100807.0,1,2026-09-27 00:01:17.401000,mined_0927
tapes/113908167_1,113908167,1,Yizhou,Yizhou,13,Unknown Mother-Goose,7,100807.0,107038.0,0,2026-09-27 00:01:17.401000,mined_0927
tapes/113926476_0,113926476,0,Azat Akhtyamov,Azat Akhtyamov,10,Vadim Vasilenko,3,120326.0,132202.0,0,2026-09-27 00:57:15.991000,mined_0927
tapes/113926476_1,113926476,1,Vadim Vasilenko,Vadim Vasilenko,3,Azat Akhtyamov,10,132202.0,120326.0,1,2026-09-27 00:57:15.991000,mined_0927
tapes/113917717_0,113917717,0,Majkel1337,Majkel1337,5,DSM,1,110037.0,110393.0,0,2026-09-27 00:29:21.124000,mined_0927
tapes/113917717_1,113917717,1,DSM,DSM,1,Majkel1337,5,110393.0,110037.0,1,2026-09-27 00:29:21.124000,mined_0927
tapes/113917704_0,113917704,0,Boey,Boey,2,DSM,1,96349.0,94737.0,1,2026-09-27 00:29:21.109000,mined_0927
tapes/113917704_1,113917704,1,DSM,DSM,1,Boey,2,94737.0,96349.0,0,2026-09-27 00:29:21.109000,mined_0927
tapes/113911253_0,113911253,0,Boey,Boey,2,DSM,1,110643.0,109822.0,1,2026-09-27 00:09:16.900000,mined_0927
tapes/113911253_1,113911253,1,DSM,DSM,1,Boey,2,109822.0,110643.0,0,2026-09-27 00:09:16.900000,mined_0927
tapes/113899593_0,113899593,0,Vadim Vasilenko,Vadim Vasilenko,3,DSM,1,86041.0,90161.0,0,2026-09-26 23:33:17.385000,mined_0927
tapes/113899593_1,113899593,1,DSM,DSM,1,Vadim Vasilenko,3,90161.0,86041.0,1,2026-09-26 23:33:17.385000,mined_0927
tapes/113899570_0,113899570,0,Boey,Boey,2,DSM,1,116186.0,117060.0,0,2026-09-26 23:33:17.338000,mined_0927
tapes/113899570_1,113899570,1,DSM,DSM,1,Boey,2,117060.0,116186.0,1,2026-09-26 23:33:17.338000,mined_0927
tapes/113899569_0,113899569,0,DSM,DSM,1,M & M & P & Q,4,130452.0,120925.0,1,2026-09-26 23:33:17.337000,mined_0927
tapes/113899569_1,113899569,1,M & M & P & Q,M & M & P & Q,4,DSM,1,120925.0,130452.0,0,2026-09-26 23:33:17.337000,mined_0927
tapes/113899566_0,113899566,0,Unknown Mother-Goose,Unknown Mother-Goose,7,DSM,1,104266.0,112201.0,0,2026-09-26 23:33:17.335000,mined_0927
tapes/113899566_1,113899566,1,DSM,DSM,1,Unknown Mother-Goose,7,112201.0,104266.0,1,2026-09-26 23:33:17.335000,mined_0927
tapes/113894232_0,113894232,0,Boey,Boey,2,DSM,1,79107.0,81393.0,0,2026-09-26 23:17:17.285000,mined_0927
tapes/113894232_1,113894232,1,DSM,DSM,1,Boey,2,81393.0,79107.0,1,2026-09-26 23:17:17.285000,mined_0927
tapes/113894230_0,113894230,0,DSM,DSM,1,M & M & P & Q,4,113387.0,112026.0,1,2026-09-26 23:17:17.251000,mined_0927
tapes/113894230_1,113894230,1,M & M & P & Q,M & M & P & Q,4,DSM,1,112026.0,113387.0,0,2026-09-26 23:17:17.251000,mined_0927
tapes/113888307_0,113888307,0,DSM,DSM,1,Majkel1337,5,132168.0,121878.0,1,2026-09-26 22:57:18.089000,mined_0927
tapes/113888307_1,113888307,1,Majkel1337,Majkel1337,5,DSM,1,121878.0,132168.0,0,2026-09-26 22:57:18.089000,mined_0927
tapes/113888303_0,113888303,0,DSM,DSM,1,M & M & P & Q,4,107024.0,105957.0,1,2026-09-26 22:57:18.087000,mined_0927
tapes/113888303_1,113888303,1,M & M & P & Q,M & M & P & Q,4,DSM,1,105957.0,107024.0,0,2026-09-26 22:57:18.087000,mined_0927
tapes/113887874_0,113887874,0,Boey,Boey,2,DSM,1,103055.0,107924.0,0,2026-09-26 22:57:17.497000,mined_0927
tapes/113887874_1,113887874,1,DSM,DSM,1,Boey,2,107924.0,103055.0,1,2026-09-26 22:57:17.497000,mined_0927
tapes/113887864_0,113887864,0,DSM,DSM,1,Majkel1337,5,105498.0,104008.0,1,2026-09-26 22:57:17.496000,mined_0927
tapes/113887864_1,113887864,1,Majkel1337,Majkel1337,5,DSM,1,104008.0,105498.0,0,2026-09-26 22:57:17.496000,mined_0927
tapes/113870640_0,113870640,0,M & M & P & Q,M & M & P & Q,4,DSM,1,94695.0,96628.0,0,2026-09-26 22:01:16.096000,mined_0927
tapes/113870640_1,113870640,1,DSM,DSM,1,M & M & P & Q,4,96628.0,94695.0,1,2026-09-26 22:01:16.096000,mined_0927
tapes/113863292_0,113863292,0,Vadim Vasilenko,Vadim Vasilenko,3,DSM,1,110670.0,111546.0,0,2026-09-26 21:37:16.546000,mined_0927
tapes/113863292_1,113863292,1,DSM,DSM,1,Vadim Vasilenko,3,111546.0,110670.0,1,2026-09-26 21:37:16.546000,mined_0927
tapes/113857202_0,113857202,0,DSM,DSM,1,Boey,2,130052.0,127673.0,1,2026-09-26 21:16:53.201000,mined_0927
tapes/113857202_1,113857202,1,Boey,Boey,2,DSM,1,127673.0,130052.0,0,2026-09-26 21:16:53.201000,mined_0927
tapes/113857200_0,113857200,0,Vadim Vasilenko,Vadim Vasilenko,3,DSM,1,86986.0,90166.0,0,2026-09-26 21:16:53.200000,mined_0927
tapes/113857200_1,113857200,1,DSM,DSM,1,Vadim Vasilenko,3,90166.0,86986.0,1,2026-09-26 21:16:53.200000,mined_0927
tapes/113852193_0,113852193,0,DSM,DSM,1,M & M & P & Q,4,114130.0,113170.0,1,2026-09-26 21:00:48.743000,mined_0927
tapes/113852193_1,113852193,1,M & M & P & Q,M & M & P & Q,4,DSM,1,113170.0,114130.0,0,2026-09-26 21:00:48.743000,mined_0927
tapes/113850991_0,113850991,0,DSM,DSM,1,Boey,2,106737.0,107578.0,0,2026-09-26 20:56:48.842000,mined_0927
tapes/113850991_1,113850991,1,Boey,Boey,2,DSM,1,107578.0,106737.0,1,2026-09-26 20:56:48.842000,mined_0927
tapes/113847155_0,113847155,0,Majkel1337,Majkel1337,5,DSM,1,103205.0,111064.0,0,2026-09-26 20:44:53.792000,mined_0927
tapes/113847155_1,113847155,1,DSM,DSM,1,Majkel1337,5,111064.0,103205.0,1,2026-09-26 20:44:53.792000,mined_0927
tapes/113839455_0,113839455,0,DSM,DSM,1,Majkel1337,5,117969.0,103290.0,1,2026-09-26 20:20:46.915000,mined_0927
tapes/113839455_1,113839455,1,Majkel1337,Majkel1337,5,DSM,1,103290.0,117969.0,0,2026-09-26 20:20:46.915000,mined_0927
tapes/113838342_0,113838342,0,DSM,DSM,1,Boey,2,91841.0,93079.0,0,2026-09-26 20:16:53.693000,mined_0927
tapes/113838342_1,113838342,1,Boey,Boey,2,DSM,1,93079.0,91841.0,1,2026-09-26 20:16:53.693000,mined_0927
tapes/113917708_0,113917708,0,Vadim Vasilenko,Vadim Vasilenko,3,Boey,2,137783.0,137708.0,1,2026-09-27 00:29:21.113000,mined_0927
tapes/113917708_1,113917708,1,Boey,Boey,2,Vadim Vasilenko,3,137708.0,137783.0,0,2026-09-27 00:29:21.113000,mined_0927
tapes/113875580_0,113875580,0,Boey,Boey,2,M & M & P & Q,4,116764.0,117408.0,0,2026-09-26 22:17:15.727000,mined_0927
tapes/113875580_1,113875580,1,M & M & P & Q,M & M & P & Q,4,Boey,2,117408.0,116764.0,1,2026-09-26 22:17:15.727000,mined_0927
tapes/113939686_0,113939686,0,Unknown Mother-Goose,Unknown Mother-Goose,7,Vadim Vasilenko,3,115377.0,116756.0,0,,replays_top
tapes/113939686_1,113939686,1,Vadim Vasilenko,Vadim Vasilenko,3,Unknown Mother-Goose,7,116756.0,115377.0,1,,replays_top
tapes/113946460_0,113946460,0,Majkel1337,Majkel1337,5,Unknown Mother-Goose,7,119918.0,117936.0,1,,replays_top
tapes/113946460_1,113946460,1,Unknown Mother-Goose,Unknown Mother-Goose,7,Majkel1337,5,117936.0,119918.0,0,,replays_top
tapes/113948780_0,113948780,0,KawattaTaido,KawattaTaido,8,Pii,12,120410.0,111716.0,1,,replays_top
tapes/113948780_1,113948780,1,Pii,Just A game on your lips,12,KawattaTaido,8,111716.0,120410.0,0,,replays_top
tapes/113950605_0,113950605,0,Boey,Boey,2,DSM,1,161825.0,164716.0,0,,replays_top
tapes/113950605_1,113950605,1,DSM,DSM,1,Boey,2,164716.0,161825.0,1,,replays_top
tapes/113955678_0,113955678,0,Pii,Just A game on your lips,12,🐚seek inspiration🐚,,83694.0,81963.0,1,,replays_top
tapes/113955678_1,113955678,1,🐚seek inspiration🐚,🐚seek inspiration🐚,,Pii,12,81963.0,83694.0,0,,replays_top
tapes/113955912_0,113955912,0,DECEM,DECEM,6,Unknown Mother-Goose,7,93604.0,91031.0,1,,replays_top
tapes/113955912_1,113955912,1,Unknown Mother-Goose,Unknown Mother-Goose,7,DECEM,6,91031.0,93604.0,0,,replays_top
tapes/113957149_0,113957149,0,Unknown Mother-Goose,Unknown Mother-Goose,7,M & M & P & Q,4,105875.0,108714.0,0,,replays_top
tapes/113957149_1,113957149,1,M & M & P & Q,M & M & P & Q,4,Unknown Mother-Goose,7,108714.0,105875.0,1,,replays_top
tapes/113957215_0,113957215,0,DSM,DSM,1,Vadim Vasilenko,3,129665.0,119104.0,1,,replays_top
tapes/113957215_1,113957215,1,Vadim Vasilenko,Vadim Vasilenko,3,DSM,1,119104.0,129665.0,0,,replays_top
tapes/113959718_0,113959718,0,Anton Tikhonov,Anton Tikhonov,11,DECEM,6,93936.0,106439.0,0,,replays_top
tapes/113959718_1,113959718,1,DECEM,DECEM,6,Anton Tikhonov,11,106439.0,93936.0,1,,replays_top
tapes/113962363_0,113962363,0,Azat Akhtyamov,Azat Akhtyamov,10,Just A game on your lips,12,93421.0,91741.0,1,,replays_top
tapes/113962363_1,113962363,1,Just A game on your lips,Just A game on your lips,12,Azat Akhtyamov,10,91741.0,93421.0,0,,replays_top
tapes/113962528_0,113962528,0,Vadim Vasilenko,Vadim Vasilenko,3,Unknown Mother-Goose,7,107004.0,98395.0,1,,replays_top
tapes/113962528_1,113962528,1,Unknown Mother-Goose,Unknown Mother-Goose,7,Vadim Vasilenko,3,98395.0,107004.0,0,,replays_top
tapes/113963243_0,113963243,0,Just A game on your lips,Just A game on your lips,12,Fourth Quadrant,9,79504.0,83580.0,0,,replays_top
tapes/113963243_1,113963243,1,Fourth Quadrant,Fourth Quadrant,9,Just A game on your lips,12,83580.0,79504.0,1,,replays_top
tapes/113963510_0,113963510,0,DSM,DSM,1,M & M & P & Q,4,119138.0,115602.0,1,,replays_top
tapes/113963510_1,113963510,1,M & M & P & Q,M & M & P & Q,4,DSM,1,115602.0,119138.0,0,,replays_top
tapes/113963514_0,113963514,0,DSM,DSM,1,Vadim Vasilenko,3,104495.0,102687.0,1,,replays_top
tapes/113963514_1,113963514,1,Vadim Vasilenko,Vadim Vasilenko,3,DSM,1,102687.0,104495.0,0,,replays_top
tapes/113963858_0,113963858,0,M & M & P & Q,M & M & P & Q,4,Boey,2,83679.0,87024.0,0,,replays_top
tapes/113963858_1,113963858,1,Boey,Boey,2,M & M & P & Q,4,87024.0,83679.0,1,,replays_top
tapes/113964674_0,113964674,0,KawattaTaido,KawattaTaido,8,M & M & P & Q,4,117234.0,110623.0,1,,replays_top
tapes/113964674_1,113964674,1,M & M & P & Q,M & M & P & Q,4,KawattaTaido,8,110623.0,117234.0,0,,replays_top
tapes/113966429_0,113966429,0,Anton Tikhonov,Anton Tikhonov,11,Yizhou,13,112567.0,114813.0,0,,replays_top
tapes/113966429_1,113966429,1,Yizhou,Yizhou,13,Anton Tikhonov,11,114813.0,112567.0,1,,replays_top
tapes/113966431_0,113966431,0,Azat Akhtyamov,Azat Akhtyamov,10,DECEM,6,102192.0,116365.0,0,,replays_top
tapes/113966431_1,113966431,1,DECEM,DECEM,6,Azat Akhtyamov,10,116365.0,102192.0,1,,replays_top
tapes/113967319_0,113967319,0,KawattaTaido,KawattaTaido,8,Anton Tikhonov,11,77913.0,75406.0,1,,replays_top
tapes/113967319_1,113967319,1,Anton Tikhonov,Anton Tikhonov,11,KawattaTaido,8,75406.0,77913.0,0,,replays_top
tapes/113968699_0,113968699,0,My second life,My second life,16,Anton Tikhonov,11,123682.0,129453.0,0,,replays_top
tapes/113968699_1,113968699,1,Anton Tikhonov,Anton Tikhonov,11,My second life,16,129453.0,123682.0,1,,replays_top
tapes/113969983_0,113969983,0,Fourth Quadrant,Fourth Quadrant,9,DECEM,6,118621.0,111942.0,1,,replays_top
tapes/113969983_1,113969983,1,DECEM,DECEM,6,Fourth Quadrant,9,111942.0,118621.0,0,,replays_top
tapes/113970139_0,113970139,0,Vadim Vasilenko,Vadim Vasilenko,3,Unknown Mother-Goose,7,104567.0,101401.0,1,,replays_top
tapes/113970139_1,113970139,1,Unknown Mother-Goose,Unknown Mother-Goose,7,Vadim Vasilenko,3,101401.0,104567.0,0,,replays_top
tapes/113970141_0,113970141,0,Vadim Vasilenko,Vadim Vasilenko,3,Azat Akhtyamov,10,116187.0,109326.0,1,,replays_top
tapes/113970141_1,113970141,1,Azat Akhtyamov,Azat Akhtyamov,10,Vadim Vasilenko,3,109326.0,116187.0,0,,replays_top
tapes/113970163_0,113970163,0,Just A game on your lips,Just A game on your lips,12,Majkel1337,5,108109.0,110568.0,0,,replays_top
tapes/113970163_1,113970163,1,Majkel1337,Majkel1337,5,Just A game on your lips,12,110568.0,108109.0,1,,replays_top
tapes/113970418_0,113970418,0,DSM,DSM,1,Majkel1337,5,94433.0,93174.0,1,,replays_top
tapes/113970418_1,113970418,1,Majkel1337,Majkel1337,5,DSM,1,93174.0,94433.0,0,,replays_top
tapes/113970423_0,113970423,0,M & M & P & Q,M & M & P & Q,4,Vadim Vasilenko,3,71028.0,71501.0,0,,replays_top
tapes/113970423_1,113970423,1,Vadim Vasilenko,Vadim Vasilenko,3,M & M & P & Q,4,71501.0,71028.0,1,,replays_top
tapes/113970425_0,113970425,0,DSM,DSM,1,Boey,2,112354.0,109355.0,1,,replays_top
tapes/113970425_1,113970425,1,Boey,Boey,2,DSM,1,109355.0,112354.0,0,,replays_top
tapes/113970426_0,113970426,0,Boey,Boey,2,DECEM,6,86882.0,84522.0,1,,replays_top
tapes/113970426_1,113970426,1,DECEM,DECEM,6,Boey,2,84522.0,86882.0,0,,replays_top
tapes/113971301_0,113971301,0,KawattaTaido,KawattaTaido,8,Azat Akhtyamov,10,92347.0,94802.0,0,,replays_top
tapes/113971301_1,113971301,1,Azat Akhtyamov,Azat Akhtyamov,10,KawattaTaido,8,94802.0,92347.0,1,,replays_top
tapes/113973892_0,113973892,0,Fourth Quadrant,Fourth Quadrant,9,Anton Tikhonov,11,82304.0,76174.0,1,,replays_top
tapes/113973892_1,113973892,1,Anton Tikhonov,Anton Tikhonov,11,Fourth Quadrant,9,76174.0,82304.0,0,,replays_top
tapes/113973950_0,113973950,0,mtmr_s1,mtmr_s1,15,KawattaTaido,8,100798.0,98753.0,1,,replays_top
tapes/113973950_1,113973950,1,KawattaTaido,KawattaTaido,8,mtmr_s1,15,98753.0,100798.0,0,,replays_top
tapes/113975260_0,113975260,0,KawattaTaido,KawattaTaido,8,We wanna be tomatos,,85588.0,77879.0,1,,replays_top
tapes/113975260_1,113975260,1,We wanna be tomatos,We wanna be tomatos,,KawattaTaido,8,77879.0,85588.0,0,,replays_top
tapes/113976853_0,113976853,0,KawattaTaido,KawattaTaido,8,Just A game on your lips,12,107026.0,106409.0,1,,replays_top
tapes/113976853_1,113976853,1,Just A game on your lips,Just A game on your lips,12,KawattaTaido,8,106409.0,107026.0,0,,replays_top
tapes/113976995_0,113976995,0,Vadim Vasilenko,Vadim Vasilenko,3,Azat Akhtyamov,10,131127.0,128689.0,1,,replays_top
tapes/113976995_1,113976995,1,Azat Akhtyamov,Azat Akhtyamov,10,Vadim Vasilenko,3,128689.0,131127.0,0,,replays_top
tapes/113976999_0,113976999,0,Just A game on your lips,Just A game on your lips,12,Anton Tikhonov,11,88031.0,90271.0,0,,replays_top
tapes/113976999_1,113976999,1,Anton Tikhonov,Anton Tikhonov,11,Just A game on your lips,12,90271.0,88031.0,1,,replays_top
tapes/113978085_0,113978085,0,DSM,DSM,1,Majkel1337,5,140517.0,133904.0,1,,replays_top
tapes/113978085_1,113978085,1,Majkel1337,Majkel1337,5,DSM,1,133904.0,140517.0,0,,replays_top
tapes/113978086_0,113978086,0,Vadim Vasilenko,Vadim Vasilenko,3,Majkel1337,5,80480.0,81429.0,0,,replays_top
tapes/113978086_1,113978086,1,Majkel1337,Majkel1337,5,Vadim Vasilenko,3,81429.0,80480.0,1,,replays_top
tapes/113978087_0,113978087,0,Boey,Boey,2,DSM,1,78286.0,79152.0,0,,replays_top
tapes/113978087_1,113978087,1,DSM,DSM,1,Boey,2,79152.0,78286.0,1,,replays_top
tapes/113978089_0,113978089,0,Boey,Boey,2,Vadim Vasilenko,3,98133.0,102252.0,0,,replays_top
tapes/113978089_1,113978089,1,Vadim Vasilenko,Vadim Vasilenko,3,Boey,2,102252.0,98133.0,1,,replays_top
tapes/113978091_0,113978091,0,M & M & P & Q,M & M & P & Q,4,KawattaTaido,8,86489.0,91333.0,0,,replays_top
tapes/113978091_1,113978091,1,KawattaTaido,KawattaTaido,8,M & M & P & Q,4,91333.0,86489.0,1,,replays_top
tapes/113978093_0,113978093,0,Fourth Quadrant,Fourth Quadrant,9,Anton Tikhonov,11,70441.0,72613.0,0,,replays_top
tapes/113978093_1,113978093,1,Anton Tikhonov,Anton Tikhonov,11,Fourth Quadrant,9,72613.0,70441.0,1,,replays_top
tapes/113978094_0,113978094,0,Majkel1337,Majkel1337,5,DECEM,6,100512.0,96782.0,1,,replays_top
tapes/113978094_1,113978094,1,DECEM,DECEM,6,Majkel1337,5,96782.0,100512.0,0,,replays_top
tapes/113978231_0,113978231,0,M & M & P & Q,M & M & P & Q,4,Russell Kirk,18,119681.0,108590.0,1,,replays_top
tapes/113978231_1,113978231,1,Russell Kirk,Russell Kirk,18,M & M & P & Q,4,108590.0,119681.0,0,,replays_top
tapes/113979171_0,113979171,0,Majkel1337,Majkel1337,5,Fourth Quadrant,9,93359.0,96118.0,0,,replays_top
tapes/113979171_1,113979171,1,Fourth Quadrant,Fourth Quadrant,9,Majkel1337,5,96118.0,93359.0,1,,replays_top
tapes/113980502_0,113980502,0,Fourth Quadrant,Fourth Quadrant,9,KawattaTaido,8,89278.0,94408.0,0,,replays_top
tapes/113980502_1,113980502,1,KawattaTaido,KawattaTaido,8,Fourth Quadrant,9,94408.0,89278.0,1,,replays_top
tapes/113981752_0,113981752,0,DECEM,DECEM,6,Fourth Quadrant,9,102502.0,98158.0,1,,replays_top
tapes/113981752_1,113981752,1,Fourth Quadrant,Fourth Quadrant,9,DECEM,6,98158.0,102502.0,0,,replays_top
tapes/113983150_0,113983150,0,Fourth Quadrant,Fourth Quadrant,9,KawattaTaido,8,73408.0,96464.0,0,,replays_top
tapes/113983150_1,113983150,1,KawattaTaido,KawattaTaido,8,Fourth Quadrant,9,96464.0,73408.0,1,,replays_top
tapes/113984481_0,113984481,0,We wanna be tomatos,We wanna be tomatos,,Fourth Quadrant,9,78956.0,80491.0,0,,replays_top
tapes/113984481_1,113984481,1,Fourth Quadrant,Fourth Quadrant,9,We wanna be tomatos,,80491.0,78956.0,1,,replays_top
tapes/113984725_0,113984725,0,Azat Akhtyamov,Azat Akhtyamov,10,We wanna be tomatos,,110954.0,108310.0,1,,replays_top
tapes/113984725_1,113984725,1,We wanna be tomatos,We wanna be tomatos,,Azat Akhtyamov,10,108310.0,110954.0,0,,replays_top
tapes/113984727_0,113984727,0,Azat Akhtyamov,Azat Akhtyamov,10,Anton Tikhonov,11,71686.0,72130.0,0,,replays_top
tapes/113984727_1,113984727,1,Anton Tikhonov,Anton Tikhonov,11,Azat Akhtyamov,10,72130.0,71686.0,1,,replays_top
tapes/113985941_0,113985941,0,Anton Tikhonov,Anton Tikhonov,11,Vadim Vasilenko,3,114228.0,125704.0,0,,replays_top
tapes/113985941_1,113985941,1,Vadim Vasilenko,Vadim Vasilenko,3,Anton Tikhonov,11,125704.0,114228.0,1,,replays_top
tapes/113985942_0,113985942,0,Boey,Boey,2,DSM,1,116271.0,116442.0,0,,replays_top
tapes/113985942_1,113985942,1,DSM,DSM,1,Boey,2,116442.0,116271.0,1,,replays_top
tapes/113985943_0,113985943,0,DSM,DSM,1,Boey,2,93021.0,93357.0,0,,replays_top
tapes/113985943_1,113985943,1,Boey,Boey,2,DSM,1,93357.0,93021.0,1,,replays_top
tapes/113985944_0,113985944,0,Boey,Boey,2,DSM,1,77652.0,82835.0,0,,replays_top
tapes/113985944_1,113985944,1,DSM,DSM,1,Boey,2,82835.0,77652.0,1,,replays_top
tapes/113985947_0,113985947,0,Azat Akhtyamov,Azat Akhtyamov,10,Anton Tikhonov,11,115510.0,106413.0,1,,replays_top
tapes/113985947_1,113985947,1,Anton Tikhonov,Anton Tikhonov,11,Azat Akhtyamov,10,106413.0,115510.0,0,,replays_top
tapes/113985949_0,113985949,0,KawattaTaido,KawattaTaido,8,Vadim Vasilenko,3,91050.0,97240.0,0,,replays_top
tapes/113985949_1,113985949,1,Vadim Vasilenko,Vadim Vasilenko,3,KawattaTaido,8,97240.0,91050.0,1,,replays_top
tapes/113985951_0,113985951,0,Unknown Mother-Goose,Unknown Mother-Goose,7,Majkel1337,5,108157.0,108203.0,0,,replays_top
tapes/113985951_1,113985951,1,Majkel1337,Majkel1337,5,Unknown Mother-Goose,7,108203.0,108157.0,1,,replays_top
tapes/113986014_0,113986014,0,M & M & P & Q,M & M & P & Q,4,Vadim Vasilenko,3,133442.0,132203.0,1,,replays_top
tapes/113986014_1,113986014,1,Vadim Vasilenko,Vadim Vasilenko,3,M & M & P & Q,4,132203.0,133442.0,0,,replays_top
tapes/113986015_0,113986015,0,Majkel1337,Majkel1337,5,Russell Kirk,18,86961.0,83993.0,1,,replays_top
tapes/113986015_1,113986015,1,Russell Kirk,Russell Kirk,18,Majkel1337,5,83993.0,86961.0,0,,replays_top
tapes/113986114_0,113986114,0,Vadim Vasilenko,Vadim Vasilenko,3,Fourth Quadrant,9,122705.0,123625.0,0,,replays_top
tapes/113986114_1,113986114,1,Fourth Quadrant,Fourth Quadrant,9,Vadim Vasilenko,3,123625.0,122705.0,1,,replays_top
tapes/113988881_0,113988881,0,Vadim Vasilenko,Vadim Vasilenko,3,DECEM,6,102715.0,100789.0,1,,replays_top
tapes/113988881_1,113988881,1,DECEM,DECEM,6,Vadim Vasilenko,3,100789.0,102715.0,0,,replays_top
tapes/113990156_0,113990156,0,Yizhou,Yizhou,13,Vadim Vasilenko,3,92919.0,101174.0,0,,replays_top
tapes/113990156_1,113990156,1,Vadim Vasilenko,Vadim Vasilenko,3,Yizhou,13,101174.0,92919.0,1,,replays_top
