image_id,pa_deg,fl_mm,mt_mm
IMG_00001.tif,17.056,91.005,25.075
IMG_00002.tif,9.875,86.902,18.049
IMG_00003.tif,13.169,96.535,23.242
IMG_00004.tif,11.537,109.69,26.609
IMG_00005.tif,20.492,92.863,28.355
IMG_00006.tif,21.395,100.863,34.086
IMG_00007.tif,19.894,86.892,28.38
IMG_00008.tif,20.148,83.3,29.388
IMG_00009.tif,7.774,97.347,18.142
IMG_00010.tif,14.444,77.907,19.416
IMG_00011.tif,14.222,71.398,18.041
IMG_00012.tif,13.531,92.507,20.012
IMG_00013.tif,8.947,143.543,22.289
IMG_00014.tif,12.186,102.695,24.853
IMG_00015.tif,11.101,105.56,23.035
IMG_00016.tif,17.263,86.899,26.233
IMG_00017.tif,16.663,79.815,22.392
IMG_00018.tif,15.258,97.863,25.522
IMG_00019.tif,15.334,101.51,25.907
IMG_00020.tif,10.838,97.621,18.671
IMG_00021.tif,8.675,84.145,17.704
IMG_00022.tif,18.074,76.388,23.386
IMG_00023.tif,15.538,81.097,22.575
IMG_00024.tif,16.971,93.289,26.834
IMG_00025.tif,10.483,101.467,24.375
IMG_00026.tif,14.354,93.348,25.974
IMG_00027.tif,14.245,86.498,22.067
IMG_00028.tif,12.827,86.492,22.22
IMG_00029.tif,13.305,87.96,22.966
IMG_00030.tif,7.805,120.766,17.007
IMG_00031.tif,10.577,90.22,16.755
IMG_00032.tif,14.259,107.725,27.15
IMG_00033.tif,12.196,91.24,22.629
IMG_00034.tif,14.741,115.438,30.705
IMG_00035.tif,9.456,94.016,18.191
IMG_00036.tif,21.335,88.646,23.59
IMG_00037.tif,17.615,49.104,12.545
IMG_00038.tif,21.508,64.099,15.205
IMG_00039.tif,17.453,76.381,17.826
IMG_00040.tif,22.177,65.79,18.517
IMG_00041.tif,19.905,71.996,21.486
IMG_00042.tif,18.518,74.59,21.276
IMG_00043.tif,21.277,54.943,17.067
IMG_00044.tif,18.096,77.536,16.896
IMG_00045.tif,15.696,81.114,17.503
IMG_00046.tif,15.026,60.275,12.782
IMG_00047.tif,13.148,79.982,14.641
IMG_00048.tif,15.205,56.187,12.475
IMG_00049.tif,17.407,59.603,15.776
IMG_00050.tif,19.39,76.071,20.417
IMG_00051.tif,13.058,68.291,14.413
IMG_00052.tif,20.515,62.251,18.173
IMG_00053.tif,19.651,56.846,15.686
IMG_00054.tif,14.901,61.758,14.627
IMG_00055.tif,19.002,61.856,16.315
IMG_00056.tif,7.912,164.379,27.908
IMG_00057.tif,7.905,164.274,27.908
IMG_00058.tif,7.877,163.904,27.904
IMG_00059.tif,7.934,163.591,27.897
IMG_00060.tif,7.938,164.057,27.898
IMG_00061.tif,10.322,123.179,27.028
IMG_00062.tif,10.427,123.192,27.031
IMG_00063.tif,10.442,122.808,27.034
IMG_00064.tif,10.396,122.773,27.035
IMG_00065.tif,10.405,122.877,27.039
IMG_00066.tif,14.039,73.919,19.066
IMG_00067.tif,13.992,75.447,19.073
IMG_00068.tif,14.03,74.449,19.082
IMG_00069.tif,14.112,74.56,19.093
IMG_00070.tif,14.143,74.367,19.106
IMG_00071.tif,9.607,101.861,17.324
IMG_00072.tif,9.58,102.202,17.343
IMG_00073.tif,9.583,102.218,17.336
IMG_00074.tif,9.659,100.606,17.341
IMG_00075.tif,9.686,100.186,17.351
IMG_00076.tif,8.788,93.14,18.278
IMG_00077.tif,8.82,93.241,18.281
IMG_00078.tif,8.841,93.647,18.287
IMG_00079.tif,8.923,94.014,18.289
IMG_00080.tif,8.893,95.831,18.285
IMG_00081.tif,9.686,100.139,18.586
IMG_00082.tif,9.711,100.023,18.582
IMG_00083.tif,9.679,99.529,18.573
IMG_00084.tif,9.678,99.395,18.573
IMG_00085.tif,9.693,99.804,18.574
IMG_00086.tif,9.869,119.574,24.923
IMG_00087.tif,10.328,116.218,24.917
IMG_00088.tif,10.298,118.625,24.913
IMG_00089.tif,10.26,117.036,24.918
IMG_00090.tif,10.208,116.847,24.931
IMG_00091.tif,11.979,126.117,25.753
IMG_00092.tif,11.986,127.625,25.754
IMG_00093.tif,11.977,127.642,25.752
IMG_00094.tif,11.986,127.606,25.75
IMG_00095.tif,12.007,127.284,25.749
IMG_00096.tif,15.042,79.289,23.316
IMG_00097.tif,15.025,77.645,23.307
IMG_00098.tif,15.043,79.005,23.306
IMG_00099.tif,15.135,76.758,23.307
IMG_00100.tif,15.253,77.105,23.308
IMG_00101.tif,11.658,107.195,26.947
IMG_00102.tif,11.595,108.978,26.946
IMG_00103.tif,11.604,107.03,26.945
IMG_00104.tif,11.548,108.312,26.945
IMG_00105.tif,11.556,108.249,26.943
IMG_00106.tif,12.084,127.442,27.969
IMG_00107.tif,12.086,127.447,27.97
IMG_00108.tif,12.092,127.44,27.966
IMG_00109.tif,12.09,127.505,27.968
IMG_00110.tif,12.089,127.482,27.968
IMG_00111.tif,15.375,85.424,23.431
IMG_00112.tif,15.379,85.58,23.432
IMG_00113.tif,15.414,87.093,23.482
IMG_00114.tif,15.383,87.189,23.482
IMG_00115.tif,15.322,85.765,23.481
IMG_00116.tif,12.936,79.772,20.013
IMG_00117.tif,12.934,80.869,20.017
IMG_00118.tif,12.956,81.066,20.013
IMG_00119.tif,12.762,80.655,20.0
IMG_00120.tif,12.839,81.359,19.97
IMG_00121.tif,10.315,126.342,24.443
IMG_00122.tif,10.346,126.172,24.437
IMG_00123.tif,10.344,126.265,24.442
IMG_00124.tif,10.33,126.198,24.443
IMG_00125.tif,10.452,125.367,24.442
IMG_00126.tif,11.626,88.342,19.983
IMG_00127.tif,11.684,88.085,19.984
IMG_00128.tif,11.712,88.231,19.981
IMG_00129.tif,11.726,87.614,19.976
IMG_00130.tif,11.829,87.147,19.974
IMG_00131.tif,13.021,117.874,27.958
IMG_00132.tif,13.015,117.832,27.961
IMG_00133.tif,13.02,117.769,27.959
IMG_00134.tif,13.008,117.883,27.963
IMG_00135.tif,13.018,118.537,27.966
IMG_00136.tif,13.854,91.568,24.904
IMG_00137.tif,13.984,91.871,24.904
IMG_00138.tif,13.928,93.233,24.902
IMG_00139.tif,13.872,91.652,24.903
IMG_00140.tif,14.379,93.829,24.903
IMG_00141.tif,12.323,130.14,28.214
IMG_00142.tif,12.382,129.333,28.207
IMG_00143.tif,12.328,131.106,28.259
IMG_00144.tif,12.284,130.591,28.273
IMG_00145.tif,12.263,131.851,28.282
IMG_00146.tif,10.791,94.471,19.12
IMG_00147.tif,10.913,93.86,19.131
IMG_00148.tif,10.344,94.386,19.127
IMG_00149.tif,10.504,94.372,19.12
IMG_00150.tif,10.584,94.724,19.098
IMG_00151.tif,12.65,79.454,16.76
IMG_00152.tif,12.645,79.442,16.759
IMG_00153.tif,12.653,79.132,16.76
IMG_00154.tif,12.626,80.485,16.761
IMG_00155.tif,12.638,79.293,16.759
IMG_00156.tif,12.068,89.605,18.767
IMG_00157.tif,12.129,87.691,18.768
IMG_00158.tif,12.127,87.74,18.766
IMG_00159.tif,12.125,87.52,18.766
IMG_00160.tif,12.101,86.605,18.764
IMG_00161.tif,12.361,88.524,16.531
IMG_00162.tif,12.351,88.203,16.529
IMG_00163.tif,12.355,88.395,16.528
IMG_00164.tif,12.356,88.327,16.531
IMG_00165.tif,12.374,88.459,16.542
IMG_00166.tif,12.071,89.606,22.196
IMG_00167.tif,11.991,89.776,22.178
IMG_00168.tif,12.074,89.933,22.146
IMG_00169.tif,12.025,91.081,22.132
IMG_00170.tif,12.202,88.599,22.123
IMG_00171.tif,13.341,109.555,25.383
IMG_00172.tif,13.342,109.351,25.384
IMG_00173.tif,13.336,109.742,25.386
IMG_00174.tif,13.304,109.047,25.387
IMG_00175.tif,13.312,109.06,25.389
IMG_00176.tif,12.729,83.974,22.317
IMG_00177.tif,12.72,83.764,22.319
IMG_00178.tif,12.746,83.832,22.314
IMG_00179.tif,12.701,84.311,22.319
IMG_00180.tif,12.753,84.465,22.318
IMG_00181.tif,12.868,104.939,26.983
IMG_00182.tif,12.833,104.222,26.982
IMG_00183.tif,12.898,104.533,26.983
IMG_00184.tif,12.846,104.448,26.981
IMG_00185.tif,12.878,104.621,26.977
IMG_00186.tif,7.6,152.097,25.659
IMG_00187.tif,7.695,152.878,25.646
IMG_00188.tif,7.547,151.416,25.71
IMG_00189.tif,11.417,119.58,23.788
IMG_00190.tif,11.417,119.58,23.788
IMG_00191.tif,12.293,118.321,26.365
IMG_00192.tif,12.301,118.21,26.367
IMG_00193.tif,12.297,118.516,26.368
IMG_00194.tif,12.293,118.712,26.365
IMG_00195.tif,12.285,118.848,26.359
IMG_00196.tif,15.203,69.55,18.838
IMG_00197.tif,16.831,105.295,21.966
IMG_00198.tif,12.635,83.141,18.164
IMG_00199.tif,13.1,75.566,16.571
IMG_00200.tif,16.56,64.016,18.523
IMG_00201.tif,11.825,91.476,18.918
IMG_00202.tif,14.157,92.5,21.635
IMG_00203.tif,14.429,86.792,19.661
IMG_00204.tif,16.464,100.718,20.764
IMG_00205.tif,12.142,89.845,21.564
IMG_00206.tif,14.451,108.288,19.478
IMG_00207.tif,15.791,63.946,15.154
IMG_00208.tif,14.421,86.737,20.337
IMG_00209.tif,18.384,52.78,17.931
IMG_00210.tif,11.468,90.977,16.387
IMG_00211.tif,15.551,100.322,27.323
IMG_00212.tif,22.882,56.346,21.086
IMG_00213.tif,17.609,108.478,25.036
IMG_00214.tif,12.844,78.977,18.59
IMG_00215.tif,19.048,86.873,23.242
IMG_00216.tif,17.185,70.527,20.319
IMG_00217.tif,12.501,85.285,20.545
IMG_00218.tif,12.997,109.973,19.03
IMG_00219.tif,21.634,58.105,20.771
IMG_00220.tif,16.512,84.853,21.444
IMG_00221.tif,11.261,89.161,19.334
IMG_00222.tif,17.464,64.612,19.001
IMG_00223.tif,14.78,74.991,17.177
IMG_00224.tif,16.902,59.529,16.314
IMG_00225.tif,10.054,109.243,21.075
IMG_00226.tif,17.438,95.413,23.223
IMG_00227.tif,21.567,65.528,23.251
IMG_00228.tif,10.697,88.56,18.452
IMG_00229.tif,9.049,119.059,22.276
IMG_00230.tif,17.717,66.897,19.584
IMG_00231.tif,13.71,87.654,21.413
IMG_00232.tif,13.614,63.825,16.686
IMG_00233.tif,18.061,56.716,17.841
IMG_00234.tif,17.465,44.348,13.781
IMG_00235.tif,19.503,52.698,17.112
IMG_00236.tif,15.463,86.815,21.632
IMG_00237.tif,23.667,69.394,27.88
IMG_00238.tif,15.136,108.344,23.264
IMG_00239.tif,12.229,102.094,18.595
IMG_00240.tif,18.931,66.126,20.306
IMG_00241.tif,12.449,87.323,20.434
IMG_00242.tif,22.869,66.097,22.132
IMG_00243.tif,20.882,55.071,19.825
IMG_00244.tif,9.61,111.6,21.327
IMG_00245.tif,10.818,134.173,23.546
IMG_00246.tif,20.297,61.257,19.628
IMG_00247.tif,14.434,66.37,15.898
IMG_00248.tif,16.678,67.486,18.898
IMG_00249.tif,21.221,50.618,16.662
IMG_00250.tif,15.101,78.848,19.388
IMG_00251.tif,23.166,37.682,13.216
IMG_00252.png,14.916,69.934,18.814
IMG_00253.png,18.671,132.599,22.68
IMG_00254.png,16.724,59.972,18.507
IMG_00255.png,18.428,78.293,25.576
IMG_00256.png,17.601,75.479,20.21
IMG_00257.png,23.699,49.503,18.956
IMG_00258.png,30.159,56.852,27.302
IMG_00259.png,23.166,41.519,16.582
IMG_00260.png,19.078,62.984,20.464
IMG_00261.png,18.337,93.85,21.492
IMG_00262.png,17.625,64.174,19.624
IMG_00263.png,15.987,54.301,13.746
IMG_00264.png,28.316,42.134,19.627
IMG_00265.png,22.694,42.06,16.946
IMG_00266.png,26.088,37.315,15.402
IMG_00267.png,19.603,62.097,21.252
IMG_00268.png,16.943,83.872,22.75
IMG_00269.png,17.844,68.748,22.606
IMG_00270.png,21.977,52.699,19.337
IMG_00271.png,17.626,59.646,18.677
IMG_00272.png,17.763,65.047,18.679
IMG_00273.png,26.491,39.349,15.958
IMG_00274.png,15.837,67.502,21.466
IMG_00275.png,35.589,44.767,25.245
IMG_00276.png,15.487,78.138,21.968
IMG_00277.png,15.213,117.889,21.728
IMG_00278.png,26.721,44.195,19.677
IMG_00279.png,15.46,64.498,15.843
IMG_00280.png,15.661,59.29,15.168
IMG_00281.png,23.355,46.74,17.745
IMG_00282.png,16.931,70.632,19.31
IMG_00283.png,19.394,75.584,22.937
IMG_00284.png,24.197,46.849,18.681
IMG_00285.png,20.325,62.736,20.021
IMG_00286.png,23.844,61.064,21.664
IMG_00287.png,34.1,30.364,15.235
IMG_00288.png,21.784,62.976,24.49
IMG_00289.png,19.475,51.607,17.939
IMG_00290.png,20.737,47.36,16.356
IMG_00291.png,15.686,87.04,18.753
IMG_00292.png,32.589,36.275,17.6
IMG_00293.png,12.564,88.269,20.573
IMG_00294.png,23.434,65.307,23.179
IMG_00295.png,27.031,56.651,22.261
IMG_00296.png,13.069,64.718,19.689
IMG_00297.png,15.613,86.219,20.778
IMG_00298.png,23.325,59.436,22.757
IMG_00299.png,29.892,44.484,19.67
IMG_00300.png,14.872,80.488,16.159
IMG_00301.png,19.867,52.133,19.456
IMG_00302.png,19.535,59.387,20.665
IMG_00303.png,15.397,75.138,19.178
IMG_00304.png,20.534,77.93,28.064
IMG_00305.png,16.485,30.0,10.0
IMG_00306.png,19.214,47.624,18.05
IMG_00307.png,13.634,86.303,22.435
IMG_00308.png,30.108,44.412,20.65
IMG_00309.png,27.833,30.0,13.121
