image_id,set,pa_deg,fl_mm,mt_mm,fl_px
im_01_arch,osf,27.487619047619045,35.711966604935064,14.861781076734692,
im_02_arch,osf,16.07957142857143,74.70148422988868,21.538089053988877,
im_03_arch,osf,23.80866666666667,44.371150278812614,16.74379097048857,
im_04_arch,osf,19.396761904761906,61.317267573219944,16.60306500425548,
im_05_arch,osf,24.281047619047623,71.82484848438466,20.8842547930303,
im_06_arch,osf,14.24709523809524,81.57555341036036,18.712078506576578,
im_07_arch,osf,16.52466666666667,46.17257142831933,13.541725490616255,
im_08_arch,osf,23.02914285714286,63.253900481605136,24.358314606308188,
im_09_arch,osf,15.231285714285717,56.38369300924012,15.497831813789249,
im_10_arch,osf,24.390190476190476,50.179409013605444,20.1561224489796,
im_11_arch,osf,14.863666666666669,50.554808287006814,12.359907235936927,
im_12_arch,osf,17.38052380952381,67.48514178682717,16.470390582910657,
im_13_arch,osf,13.733666666666668,67.67349384643124,17.71453718583734,
im_14_arch,osf,23.626809523809523,54.0052319109462,21.36098948690786,
im_15_arch,osf,17.19461904761905,59.5659410436508,16.054195010907033,
im_16_arch,osf,14.795238095238096,49.514403216481135,12.084935065250459,
im_17_arch,osf,17.18542857142857,69.30585652453927,20.124279529993828,
im_18_arch,osf,19.602166666666665,68.81871913545855,21.46139329850971,
im_19_arch,osf,16.017277777777778,68.74328125023808,20.007113095238097,
im_20_arch,osf,18.196555555555555,65.27404761976192,21.670021645303034,
im_21_arch,osf,16.36438888888889,70.22052669541847,16.447445886839837,
im_22_arch,osf,17.363722222222222,73.51382022458802,20.126429463077397,
im_23_arch,osf,16.605833333333333,55.67121212140692,14.764285715086574,
im_24_arch,osf,16.597666666666665,55.91611111039683,14.844523810324683,
im_25_arch,osf,17.859888888888886,57.998133582665425,19.53791510686641,
im_26_arch,osf,18.414166666666663,70.16065730265169,22.847078652397006,
im_27_arch,osf,17.629055555555553,66.42531024511543,16.454848484242433,
im_28_arch,osf,14.782777777777776,66.58127976238093,17.72562500047619,
im_29_arch,osf,20.359833333333334,75.30166666744589,20.761594516594517,
im_30_arch,osf,21.05461111111111,57.13619226014358,19.907684145099882,
im_31_arch,osf,15.358222222222222,58.548470418448765,14.596269842027409,
im_32_arch,osf,14.691222222222223,62.02304232791004,14.706141975097012,
im_33_arch,osf,15.16977777777778,52.74053391120492,12.691536796991334,
im_34_arch,osf,23.307333333333332,46.57240259718615,17.126356420772012,
im_35_arch,osf,19.25072222222222,60.0183694088023,17.897229436904766,
NAY_1_a1,neuage,21.09068781687114,74.66041202005788,21.873314439304192,
NAY_10_a37,neuage,14.40750209102155,73.58950181251224,17.540203399751853,
NAY_10_a39,neuage,10.53763842522001,76.96017175440663,17.04841121668131,
NAY_11_a41,neuage,18.84106611182686,85.33994529267238,23.27429438458556,
NAY_11_a43,neuage,18.852655105882672,75.99154313617943,21.210940810977117,
NAY_12_a45,neuage,15.066278049633118,72.82719177142985,17.07923714774866,
NAY_12_a47,neuage,17.69457901015511,83.91998772766665,20.39089125814233,
NAY_13_a49,neuage,17.157162899093315,75.6859928169866,20.06057438111793,
NAY_13_a51,neuage,15.160589674718585,72.99075549396481,21.044049252539367,
NAY_14_a53,neuage,20.24500146670129,83.70137939375996,21.041394767158256,
NAY_14_a55,neuage,16.848563662823377,67.55384119591406,18.7980609948029,
NAY_15_a57,neuage,22.210262562770748,72.40929339981416,25.445744979757503,
NAY_15_a59,neuage,18.65887071516121,75.24978394431339,25.84973934674247,
NAY_16_a61,neuage,18.54403193724238,88.06171332225237,20.63268980325025,
NAY_16_a63,neuage,18.7390148203922,65.39973107200016,17.87726650723685,
NAY_17_a65,neuage,16.735508328965494,100.8084762519868,26.02940485534824,
NAY_18_a69,neuage,12.991178449808269,67.9725144772214,16.509741118841223,
NAY_18_a71,neuage,11.279519574312973,84.78203299945658,15.531889807870852,
NAY_19_a73,neuage,18.744047890493857,72.16217660679219,22.334457335065974,
NAY_19_a75,neuage,19.43820670851597,67.03009556438688,21.999250364668235,
NAY_2_a5,neuage,20.36602404422041,72.6487984994542,26.447147746694228,
NAY_2_a7,neuage,18.42199819404609,88.97484145459062,26.421215423244703,
NAY_20_a77,neuage,16.582936659691693,105.41772979747464,26.575803286182676,
NAY_20_a79,neuage,15.601771437627209,107.99229913693527,30.49874525867451,
NAY_21_a81,neuage,15.163153221305532,87.4645293661144,20.85686575502821,
NAY_21_a83,neuage,14.548120035141876,79.06774013504372,19.82789245860957,
NAY_22_a85,neuage,17.731364057782134,89.98693080029823,22.989272376165363,
NAY_22_a87,neuage,17.316706919819726,89.59600869916032,19.52336588253537,
NAY_23_a89,neuage,12.207789160362395,74.86318321612958,17.17952981350706,
NAY_23_a91,neuage,14.05281213041748,80.79409502000057,18.42697361461081,
NAY_24_a93,neuage,21.99991430574659,89.43500402459895,26.415497633912512,
NAY_24_a95,neuage,18.281514557988995,106.32954282060076,24.247624450895803,
NAY_25_a97,neuage,19.38141891295208,70.12078471904657,18.951322894607078,
NAY_25_a99,neuage,17.020068125559007,73.39537015474001,16.287519313001468,
NAY_26_a101,neuage,18.194613693257512,89.65122771606197,27.20304490890913,
NAY_26_a103,neuage,20.492433750064876,80.9056197763555,24.83990672180627,
NAY_27_a105,neuage,17.693182553348052,94.41971971208072,27.774546323007414,
NAY_27_a107,neuage,15.540143856473335,86.04726060007162,23.05507578773038,
NAY_28_a111,neuage,25.009519539149224,76.32521444937008,20.051386751633565,
NAY_29_a113,neuage,13.643541986088556,99.09249830059964,25.545978384914196,
NAY_29_a115,neuage,14.959333003121964,66.23944605195767,22.047105663450434,
NAY_3_a9,neuage,18.11764736175064,70.14663003465476,20.554561508354546,
NAY_3_a11,neuage,18.52076515681584,70.35091523374523,21.056642999173206,
NAY_30_a117,neuage,16.672310428348567,71.96232371492705,17.80425016828889,
NAY_30_a119,neuage,16.062722390851935,69.99475632395425,19.23546366791808,
NAY_31_a121,neuage,15.833487679920182,81.73093961016225,22.71178075093453,
NAY_31_a123,neuage,14.058693097004667,89.10542406526554,22.63205610016073,
NAY_32_a125,neuage,23.96266463729024,66.44754921605167,23.714976964152964,
NAY_32_a127,neuage,23.59402099592454,73.38308320484484,23.99902165293512,
NAY_33_a129,neuage,13.618670011493307,79.28843557178494,16.584447054291726,
NAY_33_a131,neuage,12.695611157892804,95.95143886559693,15.55181428302648,
NAY_34_a133,neuage,17.458802040466722,87.62021228359085,24.471677338557846,
NAY_34_a135,neuage,16.835206335910357,105.5744800214315,23.637535318238573,
NAY_35_a137,neuage,16.64240395879711,90.57845843228854,21.237584606224583,
NAY_35_a139,neuage,18.4501749822544,98.27709084355836,22.738862673901732,
NAY_37_a141,neuage,14.299783250147051,74.88129819715839,18.49657834768844,
NAY_37_a143,neuage,14.829422838656258,68.58770693277921,17.78202131172856,
NAY_38_a145,neuage,17.56111960016257,81.63279921527172,20.97859335678453,
NAY_38_a147,neuage,13.740688169345576,88.12854712900922,20.16407415401252,
NAY_39_a149,neuage,11.725248982653026,83.64754560740735,19.493300222039306,
NAY_39_a151,neuage,15.001832812174747,84.64759576527021,15.426245562261004,
NAY_4_a13,neuage,14.626091864816509,71.3163468146066,17.291386626987073,
NAY_4_a15,neuage,10.380630182021562,75.33034732548656,17.276120653118348,
NAY_40_a153,neuage,19.65227750820554,71.62866467576406,19.62260706982641,
NAY_40_a155,neuage,17.363824634585015,67.39836904981185,18.298473834234557,
NAY_5_a17,neuage,14.941528278334893,81.63058507418879,21.06479761909032,
NAY_5_a19,neuage,14.578059505483424,71.02912405758747,18.823662134078365,
NAY_6_a21,neuage,19.278549523495855,76.18579886429033,19.83065402342716,
NAY_6_a23,neuage,17.406036256235407,70.27116626928724,19.224875923644166,
NAY_7_a25,neuage,10.715633791449443,85.06272210460057,17.470666309486514,
NAY_7_a27,neuage,13.244907648093555,84.5439428993464,19.053955236599677,
NAY_8_a29,neuage,18.278962369067177,62.34494450846815,17.64812054991115,
NAY_9_a33,neuage,19.58187646977444,67.92972769628474,24.03654609730307,
NAY_9_a35,neuage,21.800874575003693,68.83318262663876,26.623296135214392,
NAO_1_a1,neuage,11.55388108607485,93.4716515576144,16.46595690772555,
NAO_10_a37,neuage,16.863347648263726,71.23915371307993,18.786856915930244,
NAO_10_a39,neuage,14.102618860170551,67.51573020361734,15.528636111648469,
NAO_11_a41,neuage,37.07890942510237,72.84507096120956,13.86381616148041,
NAO_11_a43,neuage,15.6664650384227,71.86475376435048,17.735158645514442,
NAO_12_a45,neuage,13.428117158078464,59.77998989841488,14.47205669574421,
NAO_12_a47,neuage,14.59643374404869,61.97373901990341,15.416439091085955,
NAO_13_a49,neuage,20.579369798215243,71.12830602847635,20.893914121958783,
NAO_13_a51,neuage,16.994047447580133,81.89581844672176,16.71539236042608,
NAO_14_a55,neuage,15.277687598620796,72.82033618282928,15.588092555734962,
NAO_15_a59,neuage,20.12688208196908,76.51361380578577,19.647029087574232,
NAO_16_a61,neuage,11.986295000666836,83.132176121259,19.282605902281222,
NAO_16_a63,neuage,19.181669382235157,65.57999220935379,18.85515622996259,
NAO_17_a65,neuage,13.331513765126024,72.10868217691437,18.53322958643409,
NAO_17_a67,neuage,13.418615288876012,71.78430607765829,19.48123361736376,
NAO_18_a69,neuage,19.265428382741398,64.01436630424729,18.685005878353977,
NAO_18_a71,neuage,18.158238248195968,78.16898852548827,20.69959247115168,
NAO_19_a73,neuage,17.156865887773794,81.48866804989895,20.13675145729726,
NAO_2_a5,neuage,16.291195805631762,72.06795959225148,18.920093131778778,
NAO_2_a7,neuage,11.455070467271868,72.84936486786191,16.579175080777038,
NAO_20_a77,neuage,14.31990403300365,84.9873681301994,20.84318497882871,
NAO_20_a79,neuage,18.42442218529571,88.20193562733891,18.242429412285023,
NAO_21_a81,neuage,13.071537773724865,76.81230040770468,16.728287595536248,
NAO_21_a83,neuage,14.79213916154224,70.80938077805713,14.895259418790626,
NAO_22_a85,neuage,13.352631256457494,71.16323847501123,13.658878200170582,
NAO_22_a87,neuage,11.669982234566293,79.7671496924891,13.147083725428754,
NAO_23_a89,neuage,17.13098559857057,72.72784095032897,18.613786240388556,
NAO_23_a91,neuage,19.01912153174228,59.6889053594208,18.390830936345576,
NAO_24_a93,neuage,12.85590431834804,105.55734048190456,21.55241300889255,
NAO_24_a95,neuage,14.91150541511049,68.04071611105233,19.72469000107889,
NAO_25_a97,neuage,16.90524389670991,63.76583771396506,22.455614758209943,
NAO_25_a99,neuage,17.4866922090082,79.52558310813932,24.324897402377413,
NAO_26_a101,neuage,15.664260519047165,67.09807004179831,20.821800120404266,
NAO_26_a103,neuage,11.923319235040436,87.3141467889294,18.584315849820435,
NAO_27_a107,neuage,13.432275493743283,65.71947550198936,16.107073799032573,
NAO_28_a109,neuage,15.100564195084251,62.269424866650965,15.606004483297768,
NAO_28_a111,neuage,13.643180252446731,56.50864930354705,14.748545021971058,
NAO_29_a113,neuage,16.539160143553385,80.99072063795204,19.59213923603787,
NAO_29_a115,neuage,17.25358090141829,79.01879748232561,21.559707245316527,
NAO_3_a11,neuage,10.887790516282676,88.08049209573346,14.775243515353328,
NAO_30_a117,neuage,13.27408240594586,82.8363764338943,19.308476243011317,
NAO_30_a119,neuage,19.646261777866386,83.07372256087383,21.117943658038453,
NAO_31_a123,neuage,12.179898333884584,97.28302013571088,16.61402113444864,
NAO_32_a125,neuage,12.308559411362468,73.2065134399072,18.53273293168453,
NAO_32_a127,neuage,16.27761945076178,60.386266522653024,18.39267988543115,
NAO_33_a129,neuage,19.328124467939208,52.832180712010334,15.837212730062577,
NAO_33_a131,neuage,12.04969114021908,76.7722873108671,17.115997433280064,
NAO_34_a133,neuage,14.7887219254658,103.52970258450624,23.38158730142033,
NAO_34_a135,neuage,16.41183592645268,98.54921103930788,21.93603846499405,
NAO_35_a137,neuage,16.374530828045632,73.15513465362987,21.160992478868334,
NAO_35_a139,neuage,17.2514534173074,70.23079553422741,16.58388999706763,
NAO_36_a141,neuage,17.481994306410567,74.73846866657387,19.19786223647827,
NAO_37_a145,neuage,19.067672329714892,56.60367888622151,17.875402468906596,
NAO_37_a147,neuage,13.927691514784271,72.11039612567701,18.76273216166817,
NAO_38_a149,neuage,16.917570779882258,80.08572210473221,20.763724588862285,
NAO_38_a151,neuage,12.923723632544991,82.53945704883661,18.945811071844343,
NAO_39_a153,neuage,15.85076876701476,73.53049620804872,19.993592858442952,
NAO_39_a155,neuage,16.320316342922048,78.89034286033635,20.07398913602008,
NAO_4_a13,neuage,13.040417129810828,85.59946742483498,20.14865751511367,
NAO_4_a15,neuage,13.408717651736325,73.40639382736633,14.931577007587812,
NAO_40_a157,neuage,14.826290342386224,63.58096523255506,13.809876803439645,
NAO_40_a159,neuage,13.09536982759358,64.63185259458065,15.213941464293724,
NAO_41_a161,neuage,17.72785207405997,74.25435258369036,18.645637826766396,
NAO_41_a163,neuage,13.326029486336443,69.38473545311365,14.756182018727172,
NAO_42_a165,neuage,13.345641746092154,86.41482398160444,19.28299611306127,
NAO_42_a167,neuage,14.745196246253272,81.42028673457142,19.94369030935687,
NAO_43_a169,neuage,10.68406820781608,83.90560682252497,17.592874937461893,
NAO_43_a171,neuage,15.322066601984853,87.8997275482822,17.887897401858204,
NAO_44_a175,neuage,17.958903491782493,71.85822944654292,17.19579764653109,
NAO_45_a177,neuage,18.5328432611486,86.59173291059072,16.58183817905235,
NAO_45_a179,neuage,17.96132164791245,72.2424269211665,17.864546229031856,
NAO_46_a181,neuage,15.094373581080454,54.37311061199188,13.78457985692073,
NAO_46_a183,neuage,12.47970509115414,61.91565595531413,12.797076003051409,
NAO_47_a185,neuage,15.585465077072968,79.23934948215158,20.285675454610487,
NAO_47_a187,neuage,14.555029707795704,84.02228892933422,16.352129705510766,
NAO_48_a189,neuage,17.16181843677056,73.83067048886655,20.78362009344826,
NAO_48_a191,neuage,11.34582233110949,93.01265391631516,17.117962229897778,
NAO_49_a193,neuage,14.83535495529165,74.89639911682195,18.869562825989465,
NAO_49_a195,neuage,15.135274861613803,81.73430489477116,20.832135344750142,
NAO_5_a17,neuage,15.449651980581631,65.11141473892503,15.077287811868384,
NAO_50_a197,neuage,15.044399269058276,79.43070094005475,15.825142321106563,
NAO_50_a199,neuage,14.244736415707475,84.92903715549919,19.79391068515263,
NAO_51_a201,neuage,15.010735205597774,73.29731956246529,17.9188584014496,
NAO_51_a203,neuage,16.820207281228168,74.60653930660926,18.439038381724693,
NAO_52_a205,neuage,15.62223490895304,89.55230767428952,19.55568146966059,
NAO_52_a207,neuage,11.53488732216834,91.35980973972084,12.919957130967974,
NAO_53_a209,neuage,19.948405431659086,74.71314512941107,22.84567415349648,
NAO_53_a211,neuage,21.01167061923828,77.07241672403366,25.354655325266933,
NAO_54_a213,neuage,18.1147770705337,75.17188652341287,20.0256265826954,
NAO_54_a215,neuage,13.33168260397706,82.79177125972149,15.598388947318895,
NAO_55_a217,neuage,14.249997746778371,72.81098285303614,19.54701869651392,
NAO_55_a219,neuage,19.173295983336807,73.23425885097525,20.599405397882634,
NAO_56_a221,neuage,12.180691578411514,65.71505135389576,11.247626538347996,
NAO_56_a223,neuage,8.910691699881712,76.1927103272355,11.0769531127206,
NAO_57_a225,neuage,14.575753696454855,74.87350928341127,18.18695509212198,
NAO_57_a227,neuage,13.159621909271548,75.12642209549666,14.75731181291066,
NAO_58_a229,neuage,11.09354421745443,85.34231479356757,20.639769417002466,
NAO_58_a231,neuage,15.066534666205229,79.91818084862571,16.371498633303048,
NAO_59_a235,neuage,15.146076134111556,99.61594249209924,22.55922150307357,
NAO_6_a21,neuage,12.38951388691592,95.29523808783854,20.085582592169004,
NAO_6_a23,neuage,19.642231012315367,76.56604807878246,20.66466315439301,
NAO_60_a237,neuage,13.878763461652106,76.0992846791194,18.9321798437627,
NAO_60_a239,neuage,19.669025663835715,67.51735044291392,21.58749353794704,
NAO_61_a241,neuage,11.946412155826431,69.97674773299995,17.231728181762684,
NAO_62_a245,neuage,20.53012484936192,79.85408039819103,23.592805560595817,
NAO_62_a247,neuage,17.449789875616514,80.27481619403275,18.115123295049017,
NAO_63_a249,neuage,13.221106278979123,92.4598529066452,20.03919250632949,
NAO_64_a255,neuage,17.42457889194759,81.06559932691077,19.719987395160395,
NAO_65_a257,neuage,10.43142755035582,97.61389481497592,18.788303703652,
NAO_65_a259,neuage,12.953379389352966,89.05917938203835,17.551291346028584,
NAO_66_a261,neuage,17.866519600872156,81.8873575108148,25.1287130803525,
NAO_66_a263,neuage,15.22318957741398,83.84831798837932,20.872271746720475,
NAO_67_a265,neuage,18.576753551463696,57.3593398214716,20.020197483051533,
NAO_67_a267,neuage,14.401358646917378,76.56834570896474,19.80189769794839,
NAO_68_a269,neuage,13.481519962852166,75.1430418985537,16.9051607821664,
NAO_68_a271,neuage,18.267372908696814,72.37716605208267,19.0704062027098,
NAO_69_a273,neuage,9.499502196041954,85.36360428026832,15.942847858677508,
NAO_69_a275,neuage,14.23264999491178,83.57237992443312,18.498975888443407,
NAO_7_a25,neuage,13.168882084293635,73.70796630478954,18.77271769779475,
NAO_7_a27,neuage,21.76060390342639,70.19200790858423,21.242986183611844,
NAO_70_a277,neuage,12.578474002209132,74.2007181684457,16.47081521245869,
NAO_70_a279,neuage,16.29450941696636,73.93267184286665,19.859084222582705,
NAO_71_a281,neuage,15.906566830128094,90.8726837493076,24.12587200552648,
NAO_72_a285,neuage,17.828464339804736,70.60568420488217,18.764738823254746,
NAO_72_a287,neuage,18.27542275936428,78.72420298101977,20.427975660290183,
NAO_73_a289,neuage,13.169817330099198,65.05024268464153,14.510727771043356,
NAO_73_a291,neuage,11.950736044252835,83.0783768808029,18.14930880480348,
NAO_73_a293,neuage,12.776160751668854,71.70162959197899,16.911927538418873,
NAO_74_a295,neuage,16.90822042423161,88.29098127505989,22.419891336635388,
NAO_74_a297,neuage,10.88490574942191,89.01871056520383,15.99528936643263,
NAO_75_a299,neuage,11.640868089662993,66.55933040707254,14.03833172938158,
NAO_76_a303,neuage,10.6677718642733,106.5995247304465,21.86711174719603,
NAO_76_a305,neuage,9.48086446650812,107.79117964010908,15.84728953635821,
NAO_77_a307,neuage,20.09284957044984,68.5010535770884,20.279885591362213,
NAO_77_a309,neuage,17.74784289545926,61.193674117735526,18.547615171270103,
NAO_78_a311,neuage,11.504566975403652,87.48468874109756,16.367263345144217,
NAO_79_a315,neuage,14.4864757626138,73.02057196934909,14.349549719859864,
NAO_79_a317,neuage,9.450949215206176,84.60138959016183,12.549632237092831,
NAO_8_a29,neuage,14.224735714536088,73.49651768324895,17.13700138411632,
NAO_8_a31,neuage,14.767647200609275,65.62643838975659,15.86243448013073,
NAO_80_a319,neuage,14.885091511137029,78.5878942282646,17.549983059940946,
NAO_80_a321,neuage,15.311949849441412,73.88162472396111,14.31625755362371,
NAO_82_a329,neuage,13.295496825727511,83.85742361916425,20.292189182499097,
NAO_83_a331,neuage,10.41215541577411,72.3718541841112,15.50330466676184,
NAO_83_a333,neuage,12.775608985456984,77.21177818824975,16.2105386896677,
NAO_84_a337,neuage,9.46526573063469,93.25036220033076,19.57467533566321,
NAO_85_a339,neuage,14.313855747548798,88.55992019195719,20.79491209318665,
NAO_85_a341,neuage,13.739005475828684,91.75324217576124,21.7361254679052,
NAO_9_a33,neuage,13.087599377158744,86.89752976310403,21.100462896300463,
NAO_9_a35,neuage,16.006058006199666,90.4035196935742,18.695611745063115,
gm_000,gm,17.35409857019746,36.253184655208955,,280.9621810778694
gm_002,gm,16.026971596493603,37.76149089799905,,292.6515544594927
gm_004,gm,15.338467269097533,39.274597377296686,,304.3781296740493
gm_006,gm,14.489771090304837,40.99925967310194,,317.74426246654
gm_008,gm,13.753752941210633,42.52113616037217,,329.53880524288434
gm_010,gm,13.327743550679498,43.38700711945626,,336.249305175786
gm_012,gm,12.874920237976603,44.79444800823183,,347.1569720637967
gm_014,gm,12.615133826579202,45.46133091404658,,352.325314583861
gm_016,gm,12.239816055403194,47.301682858872006,,366.58804215625804
gm_018,gm,11.123733856087329,50.39568007064319,,390.5665205474847
gm_020,gm,10.531868862108796,51.89767062406297,,402.206947336488
gm_022,gm,10.038108033632303,52.77297660156938,,408.99056866216273
gm_024,gm,10.210792825765173,52.173664110097974,,404.3458968532593
gm_026,gm,10.004500043659702,52.86680028526646,,409.71770221081505
gm_028,gm,9.613801142872697,53.80289861293071,,416.972464250213
gm_030,gm,9.553548570292437,53.86907553799497,,417.485335419461
gm_032,gm,9.569518082051436,53.76930756039372,,416.7121335930513
gm_034,gm,9.395190466470707,53.87586205048254,,417.5379308912397
gm_036,gm,9.22975661577516,54.619896600541935,,423.3041986542
gm_038,gm,9.208043472154293,55.03994422663978,,426.5595677564583
gm_040,gm,9.124751320782286,55.535920573711955,,430.40338444626764
gm_042,gm,9.014363709509604,56.18168068179436,,435.4080252839063
gm_044,gm,8.964604059166271,56.174025163646235,,435.3486950182583
gm_046,gm,8.875973391612375,56.39247949417045,,437.041716079821
gm_048,gm,8.861740322829375,56.493053097864475,,437.8211615084497
gm_050,gm,8.854348273203373,56.54300366198201,,438.2082783803606
gm_052,gm,8.854348273203373,56.54300366198201,,438.2082783803606
gm_054,gm,8.854348273203373,56.54300366198201,,438.2082783803606
gm_056,gm,8.854348273203373,56.54300366198201,,438.2082783803606
gm_058,gm,8.854348273203373,56.54300366198201,,438.2082783803606
gm_060,gm,8.854348273203373,56.54300366198201,,438.2082783803606
gm_062,gm,8.854348273203373,56.54300366198201,,438.2082783803606
gm_064,gm,8.854348273203373,56.54300366198201,,438.2082783803606
gm_066,gm,8.854348273203373,56.54300366198201,,438.2082783803606
gm_068,gm,8.917977730923033,56.364010057447274,,436.82107794521636
gm_070,gm,9.031923961627674,55.98247586649346,,433.86418796532433
gm_072,gm,9.181306410569684,55.491806579747006,,430.0615009930393
gm_074,gm,9.364457587252852,54.69988745065979,,423.92412774261334
gm_076,gm,9.499089621280396,54.4145125065308,,421.71247192561367
gm_078,gm,9.700516048962394,53.67756124463768,,416.001099645942
gm_080,gm,9.803748182777637,53.26972585312559,,412.8403753617233
gm_082,gm,9.876982867018071,53.04523141621273,,411.10054347564864
gm_084,gm,10.194040603333264,52.69571431441487,,408.3917859367153
gm_086,gm,10.507774966594894,51.77065898535062,,401.22260713646733
gm_088,gm,10.567050373975029,50.54816894393966,,391.74830931553237
gm_090,gm,10.712897436553439,49.879129127448266,,386.56325073772405
gm_092,gm,10.917593870577596,49.56178163076,,384.10380763839004
gm_094,gm,11.176561181910833,48.85108956534512,,378.5959441314247
gm_096,gm,11.484869038409867,47.89128984290658,,371.157496282526
gm_098,gm,11.787979868179038,46.214233458077025,,358.16030930009697
gm_100,gm,12.234753413996136,45.19152241567308,,350.23429872146636
gm_102,gm,12.728166649943804,43.88262160134895,,340.09031741045436
gm_104,gm,13.539741991716399,42.858968063321505,,332.15700249074166
gm_106,gm,14.161294042858492,41.36324394291415,,320.5651405575847
gm_108,gm,14.629412836164398,40.438128514359015,,313.39549598628236
gm_110,gm,15.11332037899197,39.33909209301777,,304.8779637208877
gm_112,gm,16.06701352697286,37.8761052810939,,293.5398159284777
gm_114,gm,16.171788368223165,37.476744410321416,,290.444769179991
gm_116,gm,16.672115100826502,36.62645165164636,,283.8550003002593
gm_118,gm,17.3038801518551,35.50714458526431,,275.1803705357984
gm_120,gm,17.435333285566667,35.329761238271054,,273.8056495966007
gm_122,gm,17.456806156730334,35.281278774481464,,273.42991050223134
gm_124,gm,17.60850244947577,34.913309996516084,,270.57815247299965
gm_126,gm,17.961030311643466,34.45678603099896,,267.04009174024196
gm_128,gm,17.961030311643466,34.45678603099896,,267.04009174024196
gm_130,gm,17.961030311643466,34.45678603099896,,267.04009174024196
gm_132,gm,17.961030311643466,34.45678603099896,,267.04009174024196
gm_134,gm,17.961030311643466,34.45678603099896,,267.04009174024196
gm_136,gm,17.708517842912165,34.64399024365235,,268.4909243883057
gm_138,gm,17.1838637367438,35.32938882323768,,273.802763380092
gm_140,gm,16.901456039973468,36.222277353568174,,280.72264949015334
gm_142,gm,16.901456039973468,36.222277353568174,,280.72264949015334
gm_144,gm,16.66126826110654,37.03491928867062,,287.0206244871973
gm_146,gm,16.176462567320094,37.26961962858255,,288.8395521215147
gm_148,gm,16.309882404069434,37.34714199135746,,289.44035043302034
gm_150,gm,16.38988505936321,37.45958057217522,,290.311749434358
gm_152,gm,16.197938288227736,37.5205089239914,,290.78394416093334
gm_154,gm,16.0650407961479,37.709552159743446,,292.2490292380117
gm_156,gm,16.013119525351403,37.94586363301024,,294.08044315582936
gm_158,gm,15.835660205292806,38.568977091458926,,298.9095724588067
gm_160,gm,15.618919882033296,38.68286887851424,,299.7922338084854
gm_162,gm,14.802205468735933,40.35476089092448,,312.7493969046647
gm_164,gm,14.60664719071446,41.34171270768224,,320.39827348453736
gm_166,gm,14.040450997495137,42.308367598215824,,327.8898488861726
