utc,file,kind,status,public,best_before,delta,message
2026-09-25 08:12,F1_onsetb05.zip,probe,COMPLETE,0.86356,0.86591,-0.00235,"S1/F1 probe: E1 with v6 onset re-decoded at logit bias +0.5 (15 onset cells, 12 in validation); calibration direction test"
2026-09-25 08:19,F2_onset_site2.zip,candidate,COMPLETE,0.86418,0.86591,-0.00173,"S2/F2: E1 with v6 onset decoded by site2 (commit to 1-2 sites; 11 hedge cells removed, 9 in validation); CV -0.0010+-0.0012; mirror of S1"
2026-09-25 08:47,G1_tvsmooth.zip,candidate,COMPLETE,0.86651,0.86591,0.0006,"S3/G1: E1 + TV density smoothing inside runs of target cells (Task 3 dN-aware; holdout J +0.00062 on 4/4 panels, expected LB ~+0.0006); state rows only"
2026-09-25 08:58,G2_onset_v8stack.zip,candidate,COMPLETE,0.86711,0.86651,0.0006,"S4/G2: G1 with onset = v8 seeds9_stack03 (stage-2 stacking 0.3 + 9-seed mix, hybrid labels); CV onset +0.0035+-0.0011 hyb / +0.0024+-0.0012 old; 15 onset cells (11 in 4 validation windows)"
2026-09-25 10:13,G3_ongoing_stack.zip,candidate,COMPLETE,0.86361,0.86711,-0.0035,"S5/G3: G2 with ongoing = v9 stage-2 stacking (w 0.8, dyn features; CV +0.0065+-0.0009 old / +0.0069 hybrid, rec<0.05 +0.031); 217 ongoing cells (139 validation)"
2026-09-26 00:09,H2_t1ens34.zip,candidate,COMPLETE,0.86777,0.86711,0.00066,S1/H2: G2 with Task 1 state = mean of full3 and full4 (seed ensemble; holdout J +0.00077 on 4/4 panels); state rows only
2026-09-26 00:10,H1b_og_shrink_on_ens34.zip,candidate,COMPLETE,0.86629,0.86777,-0.00148,"S2/H1b: H2 with ongoing = v10 og_shrink08_rec05 (stage 2 may only remove v5 cells where recurrence>=0.05; 77 cells, 35 validation); plain CV +0.0029, val-weighted +0.0049, footprint clean"
2026-09-26 00:17,P5_smooth_f3.zip,probe,COMPLETE,0.86736,0.86777,-0.00041,"S3/P5 probe: H2 with TV smoothing x3 (local dJ -0.00062, LWR -0.0051); tests whether the official Task 3 truth is smoother than train"
2026-09-26 00:22,P6_H2_queue_zeroed.zip,probe,COMPLETE,0.63144,0.86777,-0.23633,S4/P6 probe: H2 with the queue zeroed -> exact S_queue(H2) = (H2 - P6)/0.30 and exact March ongoing = 2*S_queue - onset(0.732)
2026-09-27 06:21,H3_t1ens345.zip,candidate,COMPLETE,0.86799,0.86777,0.00022,"S1/H3: H2 with Task 1 state = mean of full3, full4, full5 (third seed; local J +0.00023 on 4/4 panels); state rows only"
2026-09-27 06:55,G7_ongoing_v7.zip,candidate,COMPLETE,0.86779,0.86799,-0.0002,"S2/G7: H3 with ongoing = v7 (v5 recipe retrained on hybrid labels; +100/-45 cells in 30/40 validation windows; CV +0.0032 hybrid truth, +0.0006 old truth); onset and state unchanged"
2026-09-27 09:42,H5w_t1ramp_dark.zip,candidate,COMPLETE,0.86838,0.86799,0.00039,"S3/H5w: H3 with Task 1 state regular rows = mean(full3,4,5,7), blackout rows = full7 (ramp-flow member; holdout J +0.00081 on 4/4); state rows only"
2026-09-27 09:47,H6_dark8.zip,candidate,COMPLETE,0.86839,0.86838,1e-05,"S4/H6: H5w with blackout rows = mean(full7, full8) (dark-only booster: 127 leaves, lr 0.1, 200k rows/panel; holdout J +0.00016 on 3/4, ~+0.0002 on panels with test blackouts); blackout state rows only"
2026-09-27 11:07,G8_ongoing_v11.zip,candidate,COMPLETE,0.86798,0.86839,-0.00041,"S5/G8: H5w with ongoing = v11 (v5 blend, og_v3/og_v3_noloc at p3 255 leaves; CV +0.0053 paired, shift-weighted +0.0050 val / +0.0052 priv, footprint clean; +32/-45 cells in 28/40 validation windows)"
2026-09-28 00:09,H7_reg9.zip,candidate,COMPLETE,0.86864,0.86839,0.00025,"S1/H7: H5w with Task 1 regular rows = 0.5 full9 (boosted regular member: 300k rows/panel, lr 0.05) + 0.5 mean(full3,4,5,7); holdout J +0.00053 on 4/4 (regular rows only)"
2026-09-28 03:01,H8_reg10.zip,candidate,COMPLETE,0.86868,0.86864,4e-05,"S2/H8: H7 with Task 1 regular rows = 0.5 full9 + 0.5 full10 (two boosted seeds; old members dropped); holdout J +0.00026 vs H7 on 4/4 (S_state +0.00013, LWR +0.00013); regular rows only"
2026-09-28 05:02,H9P_transductive.zip,candidate,COMPLETE,0.87093,0.86868,0.00225,S3/H9P: H7 with Task 1 regular rows = fullP (transductive member trained on train + observed March/April cells); pseudo-holdout +0.0019 S_total (S_state part) on 10/10 panels both months; regular rows only
2026-09-28 06:45,H10P_transductive2.zip,candidate,COMPLETE,0.87202,0.87093,0.00109,"S4/H10P: H9P with Task 1 regular rows = 0.35 fullP + 0.65 fullP2 (2x transductive rows, seed 12); pseudo-holdout +0.00054 March / +0.00067 April vs H9P, 10/10 panels; regular rows only"
