utc,name,score,new_best,args,message
2026-09-26 00:10,d5_S5_pa20_a08,0.31995,1,--w 0.56 0.27 1.0 --clip-mt 4 --pa-offset 2.0 --alpha 0.8,d5 S5
2026-09-27 00:07,d6_S1_a10,0.31903,1,--w 0.56 0.27 1.0 --clip-mt 4 --pa-offset 2.0 --alpha 1.0,d6 S1: alpha 1.0
2026-09-27 00:08,d6_S2_flclip35,0.31904,0,--w 0.56 0.27 1.0 --clip-mt 4 --pa-offset 2.0 --alpha 1.0 --w-clip 0.56 0.35 1.0,d6 S2: FL 0.35 on clip rows
2026-09-27 00:09,d6_S3_mtclip6,0.32119,0,--w 0.56 0.27 1.0 --clip-mt 6 --pa-offset 2.0 --alpha 1.0,d6 S3: MT clip 6
2026-09-27 00:09,d6_S4_mtclip3,0.31795,1,--w 0.56 0.27 1.0 --clip-mt 3 --pa-offset 2.0 --alpha 1.0,d6 S4: MT clip 3
2026-09-27 00:10,d6_S5_pa050,0.31957,0,--w 0.5 0.27 1.0 --clip-mt 3 --pa-offset 2.0 --alpha 1.0,d6 S5: PA weight 0.5
2026-09-28 12:41,d7_S1_pa062,0.31861,0,--w 0.62 0.27 1.0 --clip-mt 3 --pa-offset 2.0 --alpha 1.0,d7 S1: best + PA weight 0.62
2026-09-28 12:41,d7_S2_fl031,0.31581,1,--w 0.56 0.31 1.0 --clip-mt 3 --pa-offset 2.0 --alpha 1.0,d7 S2: best + FL weight 0.31 (retest after full smoothing)
2026-09-28 12:42,d7_S3_fl036,0.31705,0,--w 0.56 0.36 1.0 --clip-mt 3 --pa-offset 2.0 --alpha 1.0,d7 S3: FL weight 0.36
2026-09-28 12:43,d7_S4_clippa6,0.3174,0,--w 0.56 0.31 1.0 --clip-mt 3 --pa-offset 2.0 --alpha 1.0 --clip-pa 6,d7 S4: FL 0.31 best + PA residual clip 6 deg
2026-09-28 12:44,d7_S5_mt110,0.31837,0,--w 0.56 0.31 1.1 --clip-mt 3 --pa-offset 2.0 --alpha 1.0,d7 S5: FL 0.31 best + MT weight 1.1 (retest after full smoothing)
2026-10-04 14:37,d8_S1_noanchors,0.3156,1,--w 0.56 0.31 1.0 --clip-mt 3 --pa-offset 2.0 --alpha 1.0 --no-anchors,d8 S1: d7 best without pinning IMG_00001/2 to sample_submission values (host topic 743111: values are made up)
2026-10-04 14:43,d8_S2_palowhalf,0.31846,0,--w 0.56 0.31 1.0 --clip-mt 3 --pa-offset 1.05 --alpha 1.0 --no-anchors --pipeline daily/inputs/pipeline_a3.csv --features daily/inputs/features_v2.csv,"d8 S2: S1 with pipeline PA from deep-half fascicle fragments (v2_pa_lowhalf, better on OSF/NeuAge/GM expert sets), offset 1.05 keeps mean PA"
2026-10-04 14:45,d8_S3_flmedchord,0.30738,1,--w 0.56 0.31 1.0 --clip-mt 3 --pa-offset 2.0 --alpha 1.0 --no-anchors --pipeline daily/inputs/pipeline_a4.csv --features daily/inputs/features_v2.csv,"d8 S3: S1 with pipeline FL = mean(fl_med, v2_fl_chord_mid) (OSF expert FL MAE 8.5->4.8mm), mean-matched, same weight 0.31"
2026-10-04 14:46,d8_S4_fl045,0.32416,0,--w 0.56 0.45 1.0 --clip-mt 3 --pa-offset 2.0 --alpha 1.0 --no-anchors --pipeline daily/inputs/pipeline_a4.csv --features daily/inputs/features_v2.csv,"d8 S4: S3 (FL mean(fl_med, chord_mid)) with FL pipeline weight 0.45 (better pipeline FL -> higher optimal weight)"
2026-10-04 14:47,d8_S5_paavg,0.30718,1,--w 0.56 0.31 1.0 --clip-mt 3 --pa-offset 1.52 --alpha 1.0 --no-anchors --pipeline daily/inputs/pipeline_a5.csv --features daily/inputs/features_v2.csv,"d8 S5: S3 with pipeline PA = mean(pa_wmed, v2_pa_lowhalf), offset 1.52 keeps mean PA"
